RecordNumber,EventRecordId,TimeCreated,EventId,Level,Provider,Channel,ProcessId,ThreadId,Computer,ChunkNumber,UserId,MapDescription,UserName,RemoteHost,PayloadData1,PayloadData2,PayloadData3,PayloadData4,PayloadData5,PayloadData6,ExecutableInfo,HiddenRecord,SourceFile,Keywords,ExtraDataOffset,Payload
1087,1087,2026-08-18 07:22:58.5284867,16394,Info,Microsoft-Windows-Security-SPP,Application,3340,0,disstestbedvm,20,,,,,,,,,,,,False,D:\UOW\SEM3\msc-diss-7csef001w\scenarios\scenario_3\artefacts\event_logs\Application.evtx,0x80000000000000,0,"{""EventData"":{""Data"":"""",""Binary"":""""}}"
1088,1088,2026-08-18 07:23:28.8151990,16384,Info,Microsoft-Windows-Security-SPP,Application,3340,0,disstestbedvm,20,,,,,,,,,,,,False,D:\UOW\SEM3\msc-diss-7csef001w\scenarios\scenario_3\artefacts\event_logs\Application.evtx,0x80000000000000,0,"{""EventData"":{""Data"":""2026-10-12T10:03:28Z, RulesEngine"",""Binary"":""""}}"
1089,1089,2026-08-18 07:23:48.7995454,15,Info,SecurityCenter,Application,10784,0,disstestbedvm,20,,,,,,,,,,,,False,D:\UOW\SEM3\msc-diss-7csef001w\scenarios\scenario_3\artefacts\event_logs\Application.evtx,0x80000000000000,0,"{""EventData"":{""Data"":""Windows Defender, SECURITY_PRODUCT_STATE_ON"",""Binary"":""""}}"
1090,1090,2026-08-18 07:23:50.8120223,15,Info,SecurityCenter,Application,10784,0,disstestbedvm,20,,,,,,,,,,,,False,D:\UOW\SEM3\msc-diss-7csef001w\scenarios\scenario_3\artefacts\event_logs\Application.evtx,0x80000000000000,288,"{""EventData"":{""Data"":""Windows Defender, SECURITY_PRODUCT_STATE_ON"",""Binary"":""""}}"
1091,1091,2026-08-18 07:24:04.8187713,15,Info,SecurityCenter,Application,10784,0,disstestbedvm,20,,,,,,,,,,,,False,D:\UOW\SEM3\msc-diss-7csef001w\scenarios\scenario_3\artefacts\event_logs\Application.evtx,0x80000000000000,0,"{""EventData"":{""Data"":""Windows Defender, SECURITY_PRODUCT_STATE_ON"",""Binary"":""""}}"
1095,1095,2026-08-18 07:25:23.1071620,16384,Info,Microsoft-Windows-Security-SPP,Application,10848,0,disstestbedvm,20,,,,,,,,,,,,False,D:\UOW\SEM3\msc-diss-7csef001w\scenarios\scenario_3\artefacts\event_logs\Application.evtx,0x80000000000000,0,"{""EventData"":{""Data"":""2026-10-12T10:03:23Z, RulesEngine"",""Binary"":""""}}"
32445,32445,2026-08-18 07:20:37.3824212,4688,LogAlways,Microsoft-Windows-Security-Auditing,Security,4,8348,disstestbedvm,385,,A new process has been created,WORKGROUP\DISSTESTBEDVM$,,Parent process: C:\Windows\System32\svchost.exe,PID: 0x3F8,Parent PID: 0x1B98,Mandatory label: SECURITY_MANDATORY_LOW_RID,Target User: disstestbedvm\dfanalyst,,"C:\Windows\System32\backgroundTaskHost.exe ""C:\WINDOWS\system32\BackgroundTaskHost.exe"" -ServerName:BackgroundTaskHost.WebAccountProvider",False,D:\UOW\SEM3\msc-diss-7csef001w\scenarios\scenario_3\artefacts\event_logs\Security.evtx,Audit success,0,"{""EventData"":{""Data"":[{""@Name"":""SubjectUserSid"",""#text"":""S-1-5-18""},{""@Name"":""SubjectUserName"",""#text"":""DISSTESTBEDVM$""},{""@Name"":""SubjectDomainName"",""#text"":""WORKGROUP""},{""@Name"":""SubjectLogonId"",""#text"":""0x3E7""},{""@Name"":""NewProcessId"",""#text"":""0x1B98""},{""@Name"":""NewProcessName"",""#text"":""C:\\Windows\\System32\\backgroundTaskHost.exe""},{""@Name"":""TokenElevationType"",""#text"":""%%1938""},{""@Name"":""ProcessId"",""#text"":""0x3F8""},{""@Name"":""CommandLine"",""#text"":""\""C:\\WINDOWS\\system32\\BackgroundTaskHost.exe\"" -ServerName:BackgroundTaskHost.WebAccountProvider""},{""@Name"":""TargetUserSid"",""#text"":""S-1-5-21-4209295338-567392030-2519289182-1001""},{""@Name"":""TargetUserName"",""#text"":""dfanalyst""},{""@Name"":""TargetDomainName"",""#text"":""disstestbedvm""},{""@Name"":""TargetLogonId"",""#text"":""0x54286""},{""@Name"":""ParentProcessName"",""#text"":""C:\\Windows\\System32\\svchost.exe""},{""@Name"":""MandatoryLabel"",""#text"":""S-1-16-4096""}]}}"
32446,32446,2026-08-18 07:20:37.5571303,4689,LogAlways,Microsoft-Windows-Security-Auditing,Security,4,252,disstestbedvm,385,,A process has exited,disstestbedvm\dfanalyst,,,PID: 0x1B98,,,,,C:\Windows\System32\backgroundTaskHost.exe,False,D:\UOW\SEM3\msc-diss-7csef001w\scenarios\scenario_3\artefacts\event_logs\Security.evtx,Audit success,0,"{""EventData"":{""Data"":[{""@Name"":""SubjectUserSid"",""#text"":""S-1-5-21-4209295338-567392030-2519289182-1001""},{""@Name"":""SubjectUserName"",""#text"":""dfanalyst""},{""@Name"":""SubjectDomainName"",""#text"":""disstestbedvm""},{""@Name"":""SubjectLogonId"",""#text"":""0x54286""},{""@Name"":""Status"",""#text"":""0x1""},{""@Name"":""ProcessId"",""#text"":""0x1B98""},{""@Name"":""ProcessName"",""#text"":""C:\\Windows\\System32\\backgroundTaskHost.exe""}]}}"
32447,32447,2026-08-18 07:20:38.0135174,4663,LogAlways,Microsoft-Windows-Security-Auditing,Security,4,8344,disstestbedvm,385,,Attempt was made to access an object,disstestbedvm\dfanalyst,,ObjectServer: Security,ObjectType: File,ObjectName: \Device\CdRom0\setup.exe,"AccessList: Unknown code (%%4416, )",,,C:\Windows\explorer.exe,False,D:\UOW\SEM3\msc-diss-7csef001w\scenarios\scenario_3\artefacts\event_logs\Security.evtx,Audit success,0,"{""EventData"":{""Data"":[{""@Name"":""SubjectUserSid"",""#text"":""S-1-5-21-4209295338-567392030-2519289182-1001""},{""@Name"":""SubjectUserName"",""#text"":""dfanalyst""},{""@Name"":""SubjectDomainName"",""#text"":""disstestbedvm""},{""@Name"":""SubjectLogonId"",""#text"":""0x54286""},{""@Name"":""ObjectServer"",""#text"":""Security""},{""@Name"":""ObjectType"",""#text"":""File""},{""@Name"":""ObjectName"",""#text"":""\\Device\\CdRom0\\setup.exe""},{""@Name"":""HandleId"",""#text"":""0x3D5C""},{""@Name"":""AccessList"",""#text"":""%%4416, ""},{""@Name"":""AccessMask"",""#text"":""0x1""},{""@Name"":""ProcessId"",""#text"":""0x15BC""},{""@Name"":""ProcessName"",""#text"":""C:\\Windows\\explorer.exe""},{""@Name"":""ResourceAttributes""}]}}"
32448,32448,2026-08-18 07:20:38.0813385,4663,LogAlways,Microsoft-Windows-Security-Auditing,Security,4,8344,disstestbedvm,385,,Attempt was made to access an object,disstestbedvm\dfanalyst,,ObjectServer: Security,ObjectType: File,ObjectName: \Device\CdRom0\,"AccessList: Unknown code (%%4416, )",,,C:\Windows\explorer.exe,False,D:\UOW\SEM3\msc-diss-7csef001w\scenarios\scenario_3\artefacts\event_logs\Security.evtx,Audit success,0,"{""EventData"":{""Data"":[{""@Name"":""SubjectUserSid"",""#text"":""S-1-5-21-4209295338-567392030-2519289182-1001""},{""@Name"":""SubjectUserName"",""#text"":""dfanalyst""},{""@Name"":""SubjectDomainName"",""#text"":""disstestbedvm""},{""@Name"":""SubjectLogonId"",""#text"":""0x54286""},{""@Name"":""ObjectServer"",""#text"":""Security""},{""@Name"":""ObjectType"",""#text"":""File""},{""@Name"":""ObjectName"",""#text"":""\\Device\\CdRom0\\""},{""@Name"":""HandleId"",""#text"":""0x3BB4""},{""@Name"":""AccessList"",""#text"":""%%4416, ""},{""@Name"":""AccessMask"",""#text"":""0x1""},{""@Name"":""ProcessId"",""#text"":""0x15BC""},{""@Name"":""ProcessName"",""#text"":""C:\\Windows\\explorer.exe""},{""@Name"":""ResourceAttributes""}]}}"
32449,32449,2026-08-18 07:20:38.0822467,4663,LogAlways,Microsoft-Windows-Security-Auditing,Security,4,248,disstestbedvm,385,,Attempt was made to access an object,disstestbedvm\dfanalyst,,ObjectServer: Security,ObjectType: File,ObjectName: \Device\CdRom0\,"AccessList: Unknown code (%%4416, )",,,C:\Windows\explorer.exe,False,D:\UOW\SEM3\msc-diss-7csef001w\scenarios\scenario_3\artefacts\event_logs\Security.evtx,Audit success,0,"{""EventData"":{""Data"":[{""@Name"":""SubjectUserSid"",""#text"":""S-1-5-21-4209295338-567392030-2519289182-1001""},{""@Name"":""SubjectUserName"",""#text"":""dfanalyst""},{""@Name"":""SubjectDomainName"",""#text"":""disstestbedvm""},{""@Name"":""SubjectLogonId"",""#text"":""0x54286""},{""@Name"":""ObjectServer"",""#text"":""Security""},{""@Name"":""ObjectType"",""#text"":""File""},{""@Name"":""ObjectName"",""#text"":""\\Device\\CdRom0\\""},{""@Name"":""HandleId"",""#text"":""0x3EB8""},{""@Name"":""AccessList"",""#text"":""%%4416, ""},{""@Name"":""AccessMask"",""#text"":""0x1""},{""@Name"":""ProcessId"",""#text"":""0x15BC""},{""@Name"":""ProcessName"",""#text"":""C:\\Windows\\explorer.exe""},{""@Name"":""ResourceAttributes""}]}}"
32450,32450,2026-08-18 07:21:38.0719276,4798,LogAlways,Microsoft-Windows-Security-Auditing,Security,884,8256,disstestbedvm,385,,A user's local group membership was enumerated,disstestbedvm\dfanalyst (S-1-5-21-4209295338-567392030-2519289182-1001),,Target: disstestbedvm\dfanalyst (S-1-5-21-4209295338-567392030-2519289182-1001),SubjectLogonId: 0x54286,CallerProcessName: C:\Windows\explorer.exe,CallerProcessId: 0x15BC,,,,False,D:\UOW\SEM3\msc-diss-7csef001w\scenarios\scenario_3\artefacts\event_logs\Security.evtx,Audit success,0,"{""EventData"":{""Data"":[{""@Name"":""TargetUserName"",""#text"":""dfanalyst""},{""@Name"":""TargetDomainName"",""#text"":""disstestbedvm""},{""@Name"":""TargetSid"",""#text"":""S-1-5-21-4209295338-567392030-2519289182-1001""},{""@Name"":""SubjectUserSid"",""#text"":""S-1-5-21-4209295338-567392030-2519289182-1001""},{""@Name"":""SubjectUserName"",""#text"":""dfanalyst""},{""@Name"":""SubjectDomainName"",""#text"":""disstestbedvm""},{""@Name"":""SubjectLogonId"",""#text"":""0x54286""},{""@Name"":""CallerProcessId"",""#text"":""0x15BC""},{""@Name"":""CallerProcessName"",""#text"":""C:\\Windows\\explorer.exe""}]}}"
32451,32451,2026-08-18 07:21:39.4540030,4798,LogAlways,Microsoft-Windows-Security-Auditing,Security,884,8256,disstestbedvm,385,,A user's local group membership was enumerated,disstestbedvm\dfanalyst (S-1-5-21-4209295338-567392030-2519289182-1001),,Target: disstestbedvm\dfanalyst (S-1-5-21-4209295338-567392030-2519289182-1001),SubjectLogonId: 0x54286,CallerProcessName: C:\Windows\explorer.exe,CallerProcessId: 0x15BC,,,,False,D:\UOW\SEM3\msc-diss-7csef001w\scenarios\scenario_3\artefacts\event_logs\Security.evtx,Audit success,0,"{""EventData"":{""Data"":[{""@Name"":""TargetUserName"",""#text"":""dfanalyst""},{""@Name"":""TargetDomainName"",""#text"":""disstestbedvm""},{""@Name"":""TargetSid"",""#text"":""S-1-5-21-4209295338-567392030-2519289182-1001""},{""@Name"":""SubjectUserSid"",""#text"":""S-1-5-21-4209295338-567392030-2519289182-1001""},{""@Name"":""SubjectUserName"",""#text"":""dfanalyst""},{""@Name"":""SubjectDomainName"",""#text"":""disstestbedvm""},{""@Name"":""SubjectLogonId"",""#text"":""0x54286""},{""@Name"":""CallerProcessId"",""#text"":""0x15BC""},{""@Name"":""CallerProcessName"",""#text"":""C:\\Windows\\explorer.exe""}]}}"
32452,32452,2026-08-18 07:21:39.5385293,4688,LogAlways,Microsoft-Windows-Security-Auditing,Security,4,8348,disstestbedvm,385,,A new process has been created,WORKGROUP\DISSTESTBEDVM$,,Parent process: C:\Windows\System32\svchost.exe,PID: 0x3F8,Parent PID: 0x818,Mandatory label: SECURITY_MANDATORY_MEDIUM_RID,Target User: disstestbedvm\dfanalyst,,"C:\Windows\System32\rundll32.exe C:\WINDOWS\System32\rundll32.exe C:\WINDOWS\System32\shell32.dll,SHCreateLocalServerRunDll {9aa46009-3ce0-458a-a354-715610a075e6} -Embedding",False,D:\UOW\SEM3\msc-diss-7csef001w\scenarios\scenario_3\artefacts\event_logs\Security.evtx,Audit success,0,"{""EventData"":{""Data"":[{""@Name"":""SubjectUserSid"",""#text"":""S-1-5-18""},{""@Name"":""SubjectUserName"",""#text"":""DISSTESTBEDVM$""},{""@Name"":""SubjectDomainName"",""#text"":""WORKGROUP""},{""@Name"":""SubjectLogonId"",""#text"":""0x3E7""},{""@Name"":""NewProcessId"",""#text"":""0x818""},{""@Name"":""NewProcessName"",""#text"":""C:\\Windows\\System32\\rundll32.exe""},{""@Name"":""TokenElevationType"",""#text"":""%%1938""},{""@Name"":""ProcessId"",""#text"":""0x3F8""},{""@Name"":""CommandLine"",""#text"":""C:\\WINDOWS\\System32\\rundll32.exe C:\\WINDOWS\\System32\\shell32.dll,SHCreateLocalServerRunDll {9aa46009-3ce0-458a-a354-715610a075e6} -Embedding""},{""@Name"":""TargetUserSid"",""#text"":""S-1-5-21-4209295338-567392030-2519289182-1001""},{""@Name"":""TargetUserName"",""#text"":""dfanalyst""},{""@Name"":""TargetDomainName"",""#text"":""disstestbedvm""},{""@Name"":""TargetLogonId"",""#text"":""0x54286""},{""@Name"":""ParentProcessName"",""#text"":""C:\\Windows\\System32\\svchost.exe""},{""@Name"":""MandatoryLabel"",""#text"":""S-1-16-8192""}]}}"
32453,32453,2026-08-18 07:21:39.5835529,4689,LogAlways,Microsoft-Windows-Security-Auditing,Security,4,8340,disstestbedvm,385,,A process has exited,disstestbedvm\dfanalyst,,,PID: 0x818,,,,,C:\Windows\System32\rundll32.exe,False,D:\UOW\SEM3\msc-diss-7csef001w\scenarios\scenario_3\artefacts\event_logs\Security.evtx,Audit success,0,"{""EventData"":{""Data"":[{""@Name"":""SubjectUserSid"",""#text"":""S-1-5-21-4209295338-567392030-2519289182-1001""},{""@Name"":""SubjectUserName"",""#text"":""dfanalyst""},{""@Name"":""SubjectDomainName"",""#text"":""disstestbedvm""},{""@Name"":""SubjectLogonId"",""#text"":""0x54286""},{""@Name"":""Status"",""#text"":""0x0""},{""@Name"":""ProcessId"",""#text"":""0x818""},{""@Name"":""ProcessName"",""#text"":""C:\\Windows\\System32\\rundll32.exe""}]}}"
32557,32557,2026-08-18 07:22:54.5364491,4689,LogAlways,Microsoft-Windows-Security-Auditing,Security,4,3232,disstestbedvm,386,,A process has exited,disstestbedvm\dfanalyst,,,PID: 0x22AC,,,,,C:\Windows\SystemApps\MicrosoftWindows.Client.CBS_cw5n1h2txyewy\SoftLandingTask\SoftLandingTask.exe,False,D:\UOW\SEM3\msc-diss-7csef001w\scenarios\scenario_3\artefacts\event_logs\Security.evtx,Audit success,0,"{""EventData"":{""Data"":[{""@Name"":""SubjectUserSid"",""#text"":""S-1-5-21-4209295338-567392030-2519289182-1001""},{""@Name"":""SubjectUserName"",""#text"":""dfanalyst""},{""@Name"":""SubjectDomainName"",""#text"":""disstestbedvm""},{""@Name"":""SubjectLogonId"",""#text"":""0x54286""},{""@Name"":""Status"",""#text"":""0x0""},{""@Name"":""ProcessId"",""#text"":""0x22AC""},{""@Name"":""ProcessName"",""#text"":""C:\\Windows\\SystemApps\\MicrosoftWindows.Client.CBS_cw5n1h2txyewy\\SoftLandingTask\\SoftLandingTask.exe""}]}}"
32558,32558,2026-08-18 07:22:58.0448423,4688,LogAlways,Microsoft-Windows-Security-Auditing,Security,4,3232,disstestbedvm,386,,A new process has been created,WORKGROUP\DISSTESTBEDVM$,,Parent process: C:\Windows\System32\svchost.exe,PID: 0x8,Parent PID: 0xFD4,Mandatory label: SECURITY_MANDATORY_SYSTEM_RID,Target User: -\-,,C:\Windows\System32\taskhostw.exe taskhostw.exe,False,D:\UOW\SEM3\msc-diss-7csef001w\scenarios\scenario_3\artefacts\event_logs\Security.evtx,Audit success,0,"{""EventData"":{""Data"":[{""@Name"":""SubjectUserSid"",""#text"":""S-1-5-18""},{""@Name"":""SubjectUserName"",""#text"":""DISSTESTBEDVM$""},{""@Name"":""SubjectDomainName"",""#text"":""WORKGROUP""},{""@Name"":""SubjectLogonId"",""#text"":""0x3E7""},{""@Name"":""NewProcessId"",""#text"":""0xFD4""},{""@Name"":""NewProcessName"",""#text"":""C:\\Windows\\System32\\taskhostw.exe""},{""@Name"":""TokenElevationType"",""#text"":""%%1936""},{""@Name"":""ProcessId"",""#text"":""0x8""},{""@Name"":""CommandLine"",""#text"":""taskhostw.exe""},{""@Name"":""TargetUserSid"",""#text"":""S-1-0-0""},{""@Name"":""TargetUserName"",""#text"":""-""},{""@Name"":""TargetDomainName"",""#text"":""-""},{""@Name"":""TargetLogonId"",""#text"":""0x0""},{""@Name"":""ParentProcessName"",""#text"":""C:\\Windows\\System32\\svchost.exe""},{""@Name"":""MandatoryLabel"",""#text"":""S-1-16-16384""}]}}"
32559,32559,2026-08-18 07:22:58.4533418,4688,LogAlways,Microsoft-Windows-Security-Auditing,Security,4,2212,disstestbedvm,386,,A new process has been created,WORKGROUP\DISSTESTBEDVM$,,Parent process: C:\Windows\System32\services.exe,PID: 0x360,Parent PID: 0xD0C,Mandatory label: SECURITY_MANDATORY_SYSTEM_RID,Target User: WORKGROUP\DISSTESTBEDVM$,,C:\Windows\System32\sppsvc.exe C:\WINDOWS\system32\sppsvc.exe,False,D:\UOW\SEM3\msc-diss-7csef001w\scenarios\scenario_3\artefacts\event_logs\Security.evtx,Audit success,0,"{""EventData"":{""Data"":[{""@Name"":""SubjectUserSid"",""#text"":""S-1-5-18""},{""@Name"":""SubjectUserName"",""#text"":""DISSTESTBEDVM$""},{""@Name"":""SubjectDomainName"",""#text"":""WORKGROUP""},{""@Name"":""SubjectLogonId"",""#text"":""0x3E7""},{""@Name"":""NewProcessId"",""#text"":""0xD0C""},{""@Name"":""NewProcessName"",""#text"":""C:\\Windows\\System32\\sppsvc.exe""},{""@Name"":""TokenElevationType"",""#text"":""%%1936""},{""@Name"":""ProcessId"",""#text"":""0x360""},{""@Name"":""CommandLine"",""#text"":""C:\\WINDOWS\\system32\\sppsvc.exe""},{""@Name"":""TargetUserSid"",""#text"":""S-1-0-0""},{""@Name"":""TargetUserName"",""#text"":""DISSTESTBEDVM$""},{""@Name"":""TargetDomainName"",""#text"":""WORKGROUP""},{""@Name"":""TargetLogonId"",""#text"":""0x3E4""},{""@Name"":""ParentProcessName"",""#text"":""C:\\Windows\\System32\\services.exe""},{""@Name"":""MandatoryLabel"",""#text"":""S-1-16-16384""}]}}"
32560,32560,2026-08-18 07:22:59.0022505,4689,LogAlways,Microsoft-Windows-Security-Auditing,Security,4,8340,disstestbedvm,386,,A process has exited,WORKGROUP\DISSTESTBEDVM$,,,PID: 0xFD4,,,,,C:\Windows\System32\taskhostw.exe,False,D:\UOW\SEM3\msc-diss-7csef001w\scenarios\scenario_3\artefacts\event_logs\Security.evtx,Audit success,0,"{""EventData"":{""Data"":[{""@Name"":""SubjectUserSid"",""#text"":""S-1-5-18""},{""@Name"":""SubjectUserName"",""#text"":""DISSTESTBEDVM$""},{""@Name"":""SubjectDomainName"",""#text"":""WORKGROUP""},{""@Name"":""SubjectLogonId"",""#text"":""0x3E7""},{""@Name"":""Status"",""#text"":""0x0""},{""@Name"":""ProcessId"",""#text"":""0xFD4""},{""@Name"":""ProcessName"",""#text"":""C:\\Windows\\System32\\taskhostw.exe""}]}}"
32561,32561,2026-08-18 07:22:59.1474584,4689,LogAlways,Microsoft-Windows-Security-Auditing,Security,4,8340,disstestbedvm,386,,A process has exited,WORKGROUP\DISSTESTBEDVM$,,,PID: 0x2194,,,,,C:\Windows\System32\svchost.exe,False,D:\UOW\SEM3\msc-diss-7csef001w\scenarios\scenario_3\artefacts\event_logs\Security.evtx,Audit success,0,"{""EventData"":{""Data"":[{""@Name"":""SubjectUserSid"",""#text"":""S-1-5-18""},{""@Name"":""SubjectUserName"",""#text"":""DISSTESTBEDVM$""},{""@Name"":""SubjectDomainName"",""#text"":""WORKGROUP""},{""@Name"":""SubjectLogonId"",""#text"":""0x3E7""},{""@Name"":""Status"",""#text"":""0x0""},{""@Name"":""ProcessId"",""#text"":""0x2194""},{""@Name"":""ProcessName"",""#text"":""C:\\Windows\\System32\\svchost.exe""}]}}"
32562,32562,2026-08-18 07:23:00.1786994,4689,LogAlways,Microsoft-Windows-Security-Auditing,Security,4,2212,disstestbedvm,386,,A process has exited,WORKGROUP\DISSTESTBEDVM$,,,PID: 0x53C,,,,,C:\Windows\UUS\amd64\MoUsoCoreWorker.exe,False,D:\UOW\SEM3\msc-diss-7csef001w\scenarios\scenario_3\artefacts\event_logs\Security.evtx,Audit success,0,"{""EventData"":{""Data"":[{""@Name"":""SubjectUserSid"",""#text"":""S-1-5-18""},{""@Name"":""SubjectUserName"",""#text"":""DISSTESTBEDVM$""},{""@Name"":""SubjectDomainName"",""#text"":""WORKGROUP""},{""@Name"":""SubjectLogonId"",""#text"":""0x3E7""},{""@Name"":""Status"",""#text"":""0x0""},{""@Name"":""ProcessId"",""#text"":""0x53C""},{""@Name"":""ProcessName"",""#text"":""C:\\Windows\\UUS\\amd64\\MoUsoCoreWorker.exe""}]}}"
32564,32564,2026-08-18 07:23:19.0315171,4688,LogAlways,Microsoft-Windows-Security-Auditing,Security,4,2212,disstestbedvm,386,,A new process has been created,WORKGROUP\DISSTESTBEDVM$,,Parent process: C:\Windows\System32\svchost.exe,PID: 0x3F8,Parent PID: 0x1A68,Mandatory label: SECURITY_MANDATORY_LOW_RID,Target User: disstestbedvm\dfanalyst,,"C:\Windows\System32\backgroundTaskHost.exe ""C:\WINDOWS\system32\backgroundTaskHost.exe"" -ServerName:App.AppXmtcan0h2tfbfy7k9kn8hbxb6dmzz1zh0.mca",False,D:\UOW\SEM3\msc-diss-7csef001w\scenarios\scenario_3\artefacts\event_logs\Security.evtx,Audit success,0,"{""EventData"":{""Data"":[{""@Name"":""SubjectUserSid"",""#text"":""S-1-5-18""},{""@Name"":""SubjectUserName"",""#text"":""DISSTESTBEDVM$""},{""@Name"":""SubjectDomainName"",""#text"":""WORKGROUP""},{""@Name"":""SubjectLogonId"",""#text"":""0x3E7""},{""@Name"":""NewProcessId"",""#text"":""0x1A68""},{""@Name"":""NewProcessName"",""#text"":""C:\\Windows\\System32\\backgroundTaskHost.exe""},{""@Name"":""TokenElevationType"",""#text"":""%%1938""},{""@Name"":""ProcessId"",""#text"":""0x3F8""},{""@Name"":""CommandLine"",""#text"":""\""C:\\WINDOWS\\system32\\backgroundTaskHost.exe\"" -ServerName:App.AppXmtcan0h2tfbfy7k9kn8hbxb6dmzz1zh0.mca""},{""@Name"":""TargetUserSid"",""#text"":""S-1-5-21-4209295338-567392030-2519289182-1001""},{""@Name"":""TargetUserName"",""#text"":""dfanalyst""},{""@Name"":""TargetDomainName"",""#text"":""disstestbedvm""},{""@Name"":""TargetLogonId"",""#text"":""0x54286""},{""@Name"":""ParentProcessName"",""#text"":""C:\\Windows\\System32\\svchost.exe""},{""@Name"":""MandatoryLabel"",""#text"":""S-1-16-4096""}]}}"
32565,32565,2026-08-18 07:23:19.1537413,4689,LogAlways,Microsoft-Windows-Security-Auditing,Security,4,8340,disstestbedvm,386,,A process has exited,disstestbedvm\dfanalyst,,,PID: 0x1A68,,,,,C:\Windows\System32\backgroundTaskHost.exe,False,D:\UOW\SEM3\msc-diss-7csef001w\scenarios\scenario_3\artefacts\event_logs\Security.evtx,Audit success,0,"{""EventData"":{""Data"":[{""@Name"":""SubjectUserSid"",""#text"":""S-1-5-21-4209295338-567392030-2519289182-1001""},{""@Name"":""SubjectUserName"",""#text"":""dfanalyst""},{""@Name"":""SubjectDomainName"",""#text"":""disstestbedvm""},{""@Name"":""SubjectLogonId"",""#text"":""0x54286""},{""@Name"":""Status"",""#text"":""0x1""},{""@Name"":""ProcessId"",""#text"":""0x1A68""},{""@Name"":""ProcessName"",""#text"":""C:\\Windows\\System32\\backgroundTaskHost.exe""}]}}"
32566,32566,2026-08-18 07:23:28.8198317,4689,LogAlways,Microsoft-Windows-Security-Auditing,Security,4,128,disstestbedvm,386,,A process has exited,WORKGROUP\DISSTESTBEDVM$,,,PID: 0xD0C,,,,,C:\Windows\System32\sppsvc.exe,False,D:\UOW\SEM3\msc-diss-7csef001w\scenarios\scenario_3\artefacts\event_logs\Security.evtx,Audit success,0,"{""EventData"":{""Data"":[{""@Name"":""SubjectUserSid"",""#text"":""S-1-5-20""},{""@Name"":""SubjectUserName"",""#text"":""DISSTESTBEDVM$""},{""@Name"":""SubjectDomainName"",""#text"":""WORKGROUP""},{""@Name"":""SubjectLogonId"",""#text"":""0x3E4""},{""@Name"":""Status"",""#text"":""0x0""},{""@Name"":""ProcessId"",""#text"":""0xD0C""},{""@Name"":""ProcessName"",""#text"":""C:\\Windows\\System32\\sppsvc.exe""}]}}"
32567,32567,2026-08-18 07:23:31.1192068,4689,LogAlways,Microsoft-Windows-Security-Auditing,Security,4,8332,disstestbedvm,386,,A process has exited,WORKGROUP\DISSTESTBEDVM$,,,PID: 0x724,,,,,C:\Windows\System32\svchost.exe,False,D:\UOW\SEM3\msc-diss-7csef001w\scenarios\scenario_3\artefacts\event_logs\Security.evtx,Audit success,0,"{""EventData"":{""Data"":[{""@Name"":""SubjectUserSid"",""#text"":""S-1-5-18""},{""@Name"":""SubjectUserName"",""#text"":""DISSTESTBEDVM$""},{""@Name"":""SubjectDomainName"",""#text"":""WORKGROUP""},{""@Name"":""SubjectLogonId"",""#text"":""0x3E7""},{""@Name"":""Status"",""#text"":""0x0""},{""@Name"":""ProcessId"",""#text"":""0x724""},{""@Name"":""ProcessName"",""#text"":""C:\\Windows\\System32\\svchost.exe""}]}}"
32577,32577,2026-08-18 07:23:49.1674184,4688,LogAlways,Microsoft-Windows-Security-Auditing,Security,4,8340,disstestbedvm,387,,A new process has been created,WORKGROUP\DISSTESTBEDVM$,,Parent process: C:\Windows\System32\svchost.exe,PID: 0x3F8,Parent PID: 0x25B8,Mandatory label: SECURITY_MANDATORY_LOW_RID,Target User: disstestbedvm\dfanalyst,,"C:\Windows\System32\backgroundTaskHost.exe ""C:\WINDOWS\system32\backgroundTaskHost.exe"" -ServerName:App.AppXmtcan0h2tfbfy7k9kn8hbxb6dmzz1zh0.mca",False,D:\UOW\SEM3\msc-diss-7csef001w\scenarios\scenario_3\artefacts\event_logs\Security.evtx,Audit success,0,"{""EventData"":{""Data"":[{""@Name"":""SubjectUserSid"",""#text"":""S-1-5-18""},{""@Name"":""SubjectUserName"",""#text"":""DISSTESTBEDVM$""},{""@Name"":""SubjectDomainName"",""#text"":""WORKGROUP""},{""@Name"":""SubjectLogonId"",""#text"":""0x3E7""},{""@Name"":""NewProcessId"",""#text"":""0x25B8""},{""@Name"":""NewProcessName"",""#text"":""C:\\Windows\\System32\\backgroundTaskHost.exe""},{""@Name"":""TokenElevationType"",""#text"":""%%1938""},{""@Name"":""ProcessId"",""#text"":""0x3F8""},{""@Name"":""CommandLine"",""#text"":""\""C:\\WINDOWS\\system32\\backgroundTaskHost.exe\"" -ServerName:App.AppXmtcan0h2tfbfy7k9kn8hbxb6dmzz1zh0.mca""},{""@Name"":""TargetUserSid"",""#text"":""S-1-5-21-4209295338-567392030-2519289182-1001""},{""@Name"":""TargetUserName"",""#text"":""dfanalyst""},{""@Name"":""TargetDomainName"",""#text"":""disstestbedvm""},{""@Name"":""TargetLogonId"",""#text"":""0x54286""},{""@Name"":""ParentProcessName"",""#text"":""C:\\Windows\\System32\\svchost.exe""},{""@Name"":""MandatoryLabel"",""#text"":""S-1-16-4096""}]}}"
32578,32578,2026-08-18 07:23:49.3351726,4688,LogAlways,Microsoft-Windows-Security-Auditing,Security,4,8340,disstestbedvm,387,,A new process has been created,WORKGROUP\DISSTESTBEDVM$,,Parent process: C:\Windows\System32\svchost.exe,PID: 0x3F8,Parent PID: 0x17D0,Mandatory label: SECURITY_MANDATORY_LOW_RID,Target User: disstestbedvm\dfanalyst,,"C:\Windows\System32\backgroundTaskHost.exe ""C:\WINDOWS\system32\BackgroundTaskHost.exe"" -ServerName:BackgroundTaskHost.WebAccountProvider",False,D:\UOW\SEM3\msc-diss-7csef001w\scenarios\scenario_3\artefacts\event_logs\Security.evtx,Audit success,0,"{""EventData"":{""Data"":[{""@Name"":""SubjectUserSid"",""#text"":""S-1-5-18""},{""@Name"":""SubjectUserName"",""#text"":""DISSTESTBEDVM$""},{""@Name"":""SubjectDomainName"",""#text"":""WORKGROUP""},{""@Name"":""SubjectLogonId"",""#text"":""0x3E7""},{""@Name"":""NewProcessId"",""#text"":""0x17D0""},{""@Name"":""NewProcessName"",""#text"":""C:\\Windows\\System32\\backgroundTaskHost.exe""},{""@Name"":""TokenElevationType"",""#text"":""%%1938""},{""@Name"":""ProcessId"",""#text"":""0x3F8""},{""@Name"":""CommandLine"",""#text"":""\""C:\\WINDOWS\\system32\\BackgroundTaskHost.exe\"" -ServerName:BackgroundTaskHost.WebAccountProvider""},{""@Name"":""TargetUserSid"",""#text"":""S-1-5-21-4209295338-567392030-2519289182-1001""},{""@Name"":""TargetUserName"",""#text"":""dfanalyst""},{""@Name"":""TargetDomainName"",""#text"":""disstestbedvm""},{""@Name"":""TargetLogonId"",""#text"":""0x54286""},{""@Name"":""ParentProcessName"",""#text"":""C:\\Windows\\System32\\svchost.exe""},{""@Name"":""MandatoryLabel"",""#text"":""S-1-16-4096""}]}}"
32579,32579,2026-08-18 07:23:49.3911039,4688,LogAlways,Microsoft-Windows-Security-Auditing,Security,4,2212,disstestbedvm,387,,A new process has been created,WORKGROUP\DISSTESTBEDVM$,,Parent process: C:\Windows\System32\svchost.exe,PID: 0x3F8,Parent PID: 0xDC8,Mandatory label: SECURITY_MANDATORY_SYSTEM_RID,Target User: NT AUTHORITY\LOCAL SERVICE,,C:\Windows\System32\wbem\WmiPrvSE.exe C:\WINDOWS\system32\wbem\wmiprvse.exe -secured -Embedding,False,D:\UOW\SEM3\msc-diss-7csef001w\scenarios\scenario_3\artefacts\event_logs\Security.evtx,Audit success,0,"{""EventData"":{""Data"":[{""@Name"":""SubjectUserSid"",""#text"":""S-1-5-18""},{""@Name"":""SubjectUserName"",""#text"":""DISSTESTBEDVM$""},{""@Name"":""SubjectDomainName"",""#text"":""WORKGROUP""},{""@Name"":""SubjectLogonId"",""#text"":""0x3E7""},{""@Name"":""NewProcessId"",""#text"":""0xDC8""},{""@Name"":""NewProcessName"",""#text"":""C:\\Windows\\System32\\wbem\\WmiPrvSE.exe""},{""@Name"":""TokenElevationType"",""#text"":""%%1936""},{""@Name"":""ProcessId"",""#text"":""0x3F8""},{""@Name"":""CommandLine"",""#text"":""C:\\WINDOWS\\system32\\wbem\\wmiprvse.exe -secured -Embedding""},{""@Name"":""TargetUserSid"",""#text"":""S-1-5-19""},{""@Name"":""TargetUserName"",""#text"":""LOCAL SERVICE""},{""@Name"":""TargetDomainName"",""#text"":""NT AUTHORITY""},{""@Name"":""TargetLogonId"",""#text"":""0x3E5""},{""@Name"":""ParentProcessName"",""#text"":""C:\\Windows\\System32\\svchost.exe""},{""@Name"":""MandatoryLabel"",""#text"":""S-1-16-16384""}]}}"
32580,32580,2026-08-18 07:23:49.4073944,4688,LogAlways,Microsoft-Windows-Security-Auditing,Security,4,8340,disstestbedvm,387,,A new process has been created,WORKGROUP\DISSTESTBEDVM$,,Parent process: C:\Windows\System32\svchost.exe,PID: 0x3F8,Parent PID: 0xE3C,Mandatory label: SECURITY_MANDATORY_MEDIUM_RID,Target User: disstestbedvm\dfanalyst,,C:\Windows\System32\RuntimeBroker.exe C:\Windows\System32\RuntimeBroker.exe -Embedding,False,D:\UOW\SEM3\msc-diss-7csef001w\scenarios\scenario_3\artefacts\event_logs\Security.evtx,Audit success,0,"{""EventData"":{""Data"":[{""@Name"":""SubjectUserSid"",""#text"":""S-1-5-18""},{""@Name"":""SubjectUserName"",""#text"":""DISSTESTBEDVM$""},{""@Name"":""SubjectDomainName"",""#text"":""WORKGROUP""},{""@Name"":""SubjectLogonId"",""#text"":""0x3E7""},{""@Name"":""NewProcessId"",""#text"":""0xE3C""},{""@Name"":""NewProcessName"",""#text"":""C:\\Windows\\System32\\RuntimeBroker.exe""},{""@Name"":""TokenElevationType"",""#text"":""%%1938""},{""@Name"":""ProcessId"",""#text"":""0x3F8""},{""@Name"":""CommandLine"",""#text"":""C:\\Windows\\System32\\RuntimeBroker.exe -Embedding""},{""@Name"":""TargetUserSid"",""#text"":""S-1-5-21-4209295338-567392030-2519289182-1001""},{""@Name"":""TargetUserName"",""#text"":""dfanalyst""},{""@Name"":""TargetDomainName"",""#text"":""disstestbedvm""},{""@Name"":""TargetLogonId"",""#text"":""0x54286""},{""@Name"":""ParentProcessName"",""#text"":""C:\\Windows\\System32\\svchost.exe""},{""@Name"":""MandatoryLabel"",""#text"":""S-1-16-8192""}]}}"
32581,32581,2026-08-18 07:23:49.4657694,4624,LogAlways,Microsoft-Windows-Security-Auditing,Security,884,1560,disstestbedvm,387,,Successful logon,WORKGROUP\DISSTESTBEDVM$,- (-),Target: NT AUTHORITY\SYSTEM,LogonType 5,LogonId: 0x3E7,,,,C:\Windows\System32\services.exe,False,D:\UOW\SEM3\msc-diss-7csef001w\scenarios\scenario_3\artefacts\event_logs\Security.evtx,Audit success,0,"{""EventData"":{""Data"":[{""@Name"":""SubjectUserSid"",""#text"":""S-1-5-18""},{""@Name"":""SubjectUserName"",""#text"":""DISSTESTBEDVM$""},{""@Name"":""SubjectDomainName"",""#text"":""WORKGROUP""},{""@Name"":""SubjectLogonId"",""#text"":""0x3E7""},{""@Name"":""TargetUserSid"",""#text"":""S-1-5-18""},{""@Name"":""TargetUserName"",""#text"":""SYSTEM""},{""@Name"":""TargetDomainName"",""#text"":""NT AUTHORITY""},{""@Name"":""TargetLogonId"",""#text"":""0x3E7""},{""@Name"":""LogonType"",""#text"":""5""},{""@Name"":""LogonProcessName"",""#text"":""Advapi  ""},{""@Name"":""AuthenticationPackageName"",""#text"":""Negotiate""},{""@Name"":""WorkstationName"",""#text"":""-""},{""@Name"":""LogonGuid"",""#text"":""00000000-0000-0000-0000-000000000000""},{""@Name"":""TransmittedServices"",""#text"":""-""},{""@Name"":""LmPackageName"",""#text"":""-""},{""@Name"":""KeyLength"",""#text"":""0""},{""@Name"":""ProcessId"",""#text"":""0x360""},{""@Name"":""ProcessName"",""#text"":""C:\\Windows\\System32\\services.exe""},{""@Name"":""IpAddress"",""#text"":""-""},{""@Name"":""IpPort"",""#text"":""-""},{""@Name"":""ImpersonationLevel"",""#text"":""%%1833""},{""@Name"":""RestrictedAdminMode"",""#text"":""-""},{""@Name"":""RemoteCredentialGuard"",""#text"":""-""},{""@Name"":""TargetOutboundUserName"",""#text"":""-""},{""@Name"":""TargetOutboundDomainName"",""#text"":""-""},{""@Name"":""VirtualAccount"",""#text"":""%%1843""},{""@Name"":""TargetLinkedLogonId"",""#text"":""0x0""},{""@Name"":""ElevatedToken"",""#text"":""%%1842""}]}}"
32582,32582,2026-08-18 07:23:49.4657741,4672,LogAlways,Microsoft-Windows-Security-Auditing,Security,884,1560,disstestbedvm,387,,Administrative logon,NT AUTHORITY\SYSTEM (S-1-5-18),,"PrivilegeList: SeAssignPrimaryTokenPrivilege, SeTcbPrivilege, SeSecurityPrivilege, SeTakeOwnershipPrivilege, SeLoadDriverPrivilege, SeBackupPrivilege, SeRestorePrivilege, SeDebugPrivilege, SeAuditPrivilege, SeSystemEnvironmentPrivilege, SeImpersonatePrivilege, SeDelegateSessionUserImpersonatePrivilege",LogonId: 0x3E7,,,,,,False,D:\UOW\SEM3\msc-diss-7csef001w\scenarios\scenario_3\artefacts\event_logs\Security.evtx,Audit success,0,"{""EventData"":{""Data"":[{""@Name"":""SubjectUserSid"",""#text"":""S-1-5-18""},{""@Name"":""SubjectUserName"",""#text"":""SYSTEM""},{""@Name"":""SubjectDomainName"",""#text"":""NT AUTHORITY""},{""@Name"":""SubjectLogonId"",""#text"":""0x3E7""},{""@Name"":""PrivilegeList"",""#text"":""SeAssignPrimaryTokenPrivilege, SeTcbPrivilege, SeSecurityPrivilege, SeTakeOwnershipPrivilege, SeLoadDriverPrivilege, SeBackupPrivilege, SeRestorePrivilege, SeDebugPrivilege, SeAuditPrivilege, SeSystemEnvironmentPrivilege, SeImpersonatePrivilege, SeDelegateSessionUserImpersonatePrivilege""}]}}"
32583,32583,2026-08-18 07:23:49.4660701,4689,LogAlways,Microsoft-Windows-Security-Auditing,Security,4,2212,disstestbedvm,387,,A process has exited,disstestbedvm\dfanalyst,,,PID: 0x17D0,,,,,C:\Windows\System32\backgroundTaskHost.exe,False,D:\UOW\SEM3\msc-diss-7csef001w\scenarios\scenario_3\artefacts\event_logs\Security.evtx,Audit success,0,"{""EventData"":{""Data"":[{""@Name"":""SubjectUserSid"",""#text"":""S-1-5-21-4209295338-567392030-2519289182-1001""},{""@Name"":""SubjectUserName"",""#text"":""dfanalyst""},{""@Name"":""SubjectDomainName"",""#text"":""disstestbedvm""},{""@Name"":""SubjectLogonId"",""#text"":""0x54286""},{""@Name"":""Status"",""#text"":""0x1""},{""@Name"":""ProcessId"",""#text"":""0x17D0""},{""@Name"":""ProcessName"",""#text"":""C:\\Windows\\System32\\backgroundTaskHost.exe""}]}}"
32584,32584,2026-08-18 07:23:49.4669170,4688,LogAlways,Microsoft-Windows-Security-Auditing,Security,4,8340,disstestbedvm,387,,A new process has been created,WORKGROUP\DISSTESTBEDVM$,,Parent process: C:\Windows\System32\services.exe,PID: 0x360,Parent PID: 0xD4C,Mandatory label: SECURITY_MANDATORY_SYSTEM_RID,Target User: -\-,,C:\Windows\System32\svchost.exe C:\WINDOWS\System32\svchost.exe -k netsvcs -p -s NetSetupSvc,False,D:\UOW\SEM3\msc-diss-7csef001w\scenarios\scenario_3\artefacts\event_logs\Security.evtx,Audit success,0,"{""EventData"":{""Data"":[{""@Name"":""SubjectUserSid"",""#text"":""S-1-5-18""},{""@Name"":""SubjectUserName"",""#text"":""DISSTESTBEDVM$""},{""@Name"":""SubjectDomainName"",""#text"":""WORKGROUP""},{""@Name"":""SubjectLogonId"",""#text"":""0x3E7""},{""@Name"":""NewProcessId"",""#text"":""0xD4C""},{""@Name"":""NewProcessName"",""#text"":""C:\\Windows\\System32\\svchost.exe""},{""@Name"":""TokenElevationType"",""#text"":""%%1936""},{""@Name"":""ProcessId"",""#text"":""0x360""},{""@Name"":""CommandLine"",""#text"":""C:\\WINDOWS\\System32\\svchost.exe -k netsvcs -p -s NetSetupSvc""},{""@Name"":""TargetUserSid"",""#text"":""S-1-0-0""},{""@Name"":""TargetUserName"",""#text"":""-""},{""@Name"":""TargetDomainName"",""#text"":""-""},{""@Name"":""TargetLogonId"",""#text"":""0x0""},{""@Name"":""ParentProcessName"",""#text"":""C:\\Windows\\System32\\services.exe""},{""@Name"":""MandatoryLabel"",""#text"":""S-1-16-16384""}]}}"
32585,32585,2026-08-18 07:23:49.4719634,4688,LogAlways,Microsoft-Windows-Security-Auditing,Security,4,8340,disstestbedvm,387,,A new process has been created,WORKGROUP\DISSTESTBEDVM$,,Parent process: C:\Windows\System32\svchost.exe,PID: 0x3F8,Parent PID: 0xA4C,Mandatory label: SECURITY_MANDATORY_MEDIUM_RID,Target User: disstestbedvm\dfanalyst,,C:\Windows\System32\RuntimeBroker.exe C:\Windows\System32\RuntimeBroker.exe -Embedding,False,D:\UOW\SEM3\msc-diss-7csef001w\scenarios\scenario_3\artefacts\event_logs\Security.evtx,Audit success,0,"{""EventData"":{""Data"":[{""@Name"":""SubjectUserSid"",""#text"":""S-1-5-18""},{""@Name"":""SubjectUserName"",""#text"":""DISSTESTBEDVM$""},{""@Name"":""SubjectDomainName"",""#text"":""WORKGROUP""},{""@Name"":""SubjectLogonId"",""#text"":""0x3E7""},{""@Name"":""NewProcessId"",""#text"":""0xA4C""},{""@Name"":""NewProcessName"",""#text"":""C:\\Windows\\System32\\RuntimeBroker.exe""},{""@Name"":""TokenElevationType"",""#text"":""%%1938""},{""@Name"":""ProcessId"",""#text"":""0x3F8""},{""@Name"":""CommandLine"",""#text"":""C:\\Windows\\System32\\RuntimeBroker.exe -Embedding""},{""@Name"":""TargetUserSid"",""#text"":""S-1-5-21-4209295338-567392030-2519289182-1001""},{""@Name"":""TargetUserName"",""#text"":""dfanalyst""},{""@Name"":""TargetDomainName"",""#text"":""disstestbedvm""},{""@Name"":""TargetLogonId"",""#text"":""0x54286""},{""@Name"":""ParentProcessName"",""#text"":""C:\\Windows\\System32\\svchost.exe""},{""@Name"":""MandatoryLabel"",""#text"":""S-1-16-8192""}]}}"
32586,32586,2026-08-18 07:23:49.7412184,4689,LogAlways,Microsoft-Windows-Security-Auditing,Security,4,8352,disstestbedvm,387,,A process has exited,disstestbedvm\dfanalyst,,,PID: 0x25B8,,,,,C:\Windows\System32\backgroundTaskHost.exe,False,D:\UOW\SEM3\msc-diss-7csef001w\scenarios\scenario_3\artefacts\event_logs\Security.evtx,Audit success,0,"{""EventData"":{""Data"":[{""@Name"":""SubjectUserSid"",""#text"":""S-1-5-21-4209295338-567392030-2519289182-1001""},{""@Name"":""SubjectUserName"",""#text"":""dfanalyst""},{""@Name"":""SubjectDomainName"",""#text"":""disstestbedvm""},{""@Name"":""SubjectLogonId"",""#text"":""0x54286""},{""@Name"":""Status"",""#text"":""0x1""},{""@Name"":""ProcessId"",""#text"":""0x25B8""},{""@Name"":""ProcessName"",""#text"":""C:\\Windows\\System32\\backgroundTaskHost.exe""}]}}"
32587,32587,2026-08-18 07:23:54.8450965,4688,LogAlways,Microsoft-Windows-Security-Auditing,Security,4,8340,disstestbedvm,387,,A new process has been created,WORKGROUP\DISSTESTBEDVM$,,Parent process: C:\Windows\System32\svchost.exe,PID: 0x24E0,Parent PID: 0x24DC,Mandatory label: SECURITY_MANDATORY_SYSTEM_RID,Target User: -\-,,"C:\Windows\UUS\amd64\wuaucltcore.exe ""C:\WINDOWS\uus\AMD64\wuaucltcore.exe"" /DeploymentHandlerFullPath \\?\C:\Windows\UUS\AMD64\UpdateDeploy.dll /ClassId 38686851-82f6-4939-bed9-349354e4e0d4 /RunHandlerComServer",False,D:\UOW\SEM3\msc-diss-7csef001w\scenarios\scenario_3\artefacts\event_logs\Security.evtx,Audit success,0,"{""EventData"":{""Data"":[{""@Name"":""SubjectUserSid"",""#text"":""S-1-5-18""},{""@Name"":""SubjectUserName"",""#text"":""DISSTESTBEDVM$""},{""@Name"":""SubjectDomainName"",""#text"":""WORKGROUP""},{""@Name"":""SubjectLogonId"",""#text"":""0x3E7""},{""@Name"":""NewProcessId"",""#text"":""0x24DC""},{""@Name"":""NewProcessName"",""#text"":""C:\\Windows\\UUS\\amd64\\wuaucltcore.exe""},{""@Name"":""TokenElevationType"",""#text"":""%%1936""},{""@Name"":""ProcessId"",""#text"":""0x24E0""},{""@Name"":""CommandLine"",""#text"":""\""C:\\WINDOWS\\uus\\AMD64\\wuaucltcore.exe\"" /DeploymentHandlerFullPath \\\\?\\C:\\Windows\\UUS\\AMD64\\UpdateDeploy.dll /ClassId 38686851-82f6-4939-bed9-349354e4e0d4 /RunHandlerComServer""},{""@Name"":""TargetUserSid"",""#text"":""S-1-0-0""},{""@Name"":""TargetUserName"",""#text"":""-""},{""@Name"":""TargetDomainName"",""#text"":""-""},{""@Name"":""TargetLogonId"",""#text"":""0x0""},{""@Name"":""ParentProcessName"",""#text"":""C:\\Windows\\System32\\svchost.exe""},{""@Name"":""MandatoryLabel"",""#text"":""S-1-16-16384""}]}}"
32588,32588,2026-08-18 07:23:54.9192053,4688,LogAlways,Microsoft-Windows-Security-Auditing,Security,4,8352,disstestbedvm,387,,A new process has been created,WORKGROUP\DISSTESTBEDVM$,,Parent process: C:\Windows\UUS\amd64\wuaucltcore.exe,PID: 0x24DC,Parent PID: 0x1AC8,Mandatory label: SECURITY_MANDATORY_SYSTEM_RID,Target User: -\-,,"C:\Windows\SoftwareDistribution\Download\Install\AM_Delta_Patch_1.457.219.0.exe ""C:\WINDOWS\SoftwareDistribution\Download\Install\AM_Delta_Patch_1.457.219.0.exe"" WD /q",False,D:\UOW\SEM3\msc-diss-7csef001w\scenarios\scenario_3\artefacts\event_logs\Security.evtx,Audit success,0,"{""EventData"":{""Data"":[{""@Name"":""SubjectUserSid"",""#text"":""S-1-5-18""},{""@Name"":""SubjectUserName"",""#text"":""DISSTESTBEDVM$""},{""@Name"":""SubjectDomainName"",""#text"":""WORKGROUP""},{""@Name"":""SubjectLogonId"",""#text"":""0x3E7""},{""@Name"":""NewProcessId"",""#text"":""0x1AC8""},{""@Name"":""NewProcessName"",""#text"":""C:\\Windows\\SoftwareDistribution\\Download\\Install\\AM_Delta_Patch_1.457.219.0.exe""},{""@Name"":""TokenElevationType"",""#text"":""%%1936""},{""@Name"":""ProcessId"",""#text"":""0x24DC""},{""@Name"":""CommandLine"",""#text"":""\""C:\\WINDOWS\\SoftwareDistribution\\Download\\Install\\AM_Delta_Patch_1.457.219.0.exe\"" WD /q""},{""@Name"":""TargetUserSid"",""#text"":""S-1-0-0""},{""@Name"":""TargetUserName"",""#text"":""-""},{""@Name"":""TargetDomainName"",""#text"":""-""},{""@Name"":""TargetLogonId"",""#text"":""0x0""},{""@Name"":""ParentProcessName"",""#text"":""C:\\Windows\\UUS\\amd64\\wuaucltcore.exe""},{""@Name"":""MandatoryLabel"",""#text"":""S-1-16-16384""}]}}"
32589,32589,2026-08-18 07:23:54.9439823,4688,LogAlways,Microsoft-Windows-Security-Auditing,Security,4,8340,disstestbedvm,387,,A new process has been created,WORKGROUP\DISSTESTBEDVM$,,Parent process: C:\Windows\UUS\amd64\wuaucltcore.exe,PID: 0x24DC,Parent PID: 0x12A4,Mandatory label: SECURITY_MANDATORY_SYSTEM_RID,Target User: -\-,,C:\Windows\System32\MpSigStub.exe C:\WINDOWS\system32\MpSigStub.exe /stub 1.1.24010.2001 /payload 1.457.222.0 /MpWUStub /program C:\WINDOWS\SoftwareDistribution\Download\Install\AM_Delta_Patch_1.457.219.0.exe WD /q,False,D:\UOW\SEM3\msc-diss-7csef001w\scenarios\scenario_3\artefacts\event_logs\Security.evtx,Audit success,0,"{""EventData"":{""Data"":[{""@Name"":""SubjectUserSid"",""#text"":""S-1-5-18""},{""@Name"":""SubjectUserName"",""#text"":""DISSTESTBEDVM$""},{""@Name"":""SubjectDomainName"",""#text"":""WORKGROUP""},{""@Name"":""SubjectLogonId"",""#text"":""0x3E7""},{""@Name"":""NewProcessId"",""#text"":""0x12A4""},{""@Name"":""NewProcessName"",""#text"":""C:\\Windows\\System32\\MpSigStub.exe""},{""@Name"":""TokenElevationType"",""#text"":""%%1936""},{""@Name"":""ProcessId"",""#text"":""0x24DC""},{""@Name"":""CommandLine"",""#text"":""C:\\WINDOWS\\system32\\MpSigStub.exe /stub 1.1.24010.2001 /payload 1.457.222.0 /MpWUStub /program C:\\WINDOWS\\SoftwareDistribution\\Download\\Install\\AM_Delta_Patch_1.457.219.0.exe WD /q""},{""@Name"":""TargetUserSid"",""#text"":""S-1-0-0""},{""@Name"":""TargetUserName"",""#text"":""-""},{""@Name"":""TargetDomainName"",""#text"":""-""},{""@Name"":""TargetLogonId"",""#text"":""0x0""},{""@Name"":""ParentProcessName"",""#text"":""C:\\Windows\\UUS\\amd64\\wuaucltcore.exe""},{""@Name"":""MandatoryLabel"",""#text"":""S-1-16-16384""}]}}"
32590,32590,2026-08-18 07:23:58.0617957,4689,LogAlways,Microsoft-Windows-Security-Auditing,Security,4,8340,disstestbedvm,387,,A process has exited,WORKGROUP\DISSTESTBEDVM$,,,PID: 0x1248,,,,,C:\Windows\System32\svchost.exe,False,D:\UOW\SEM3\msc-diss-7csef001w\scenarios\scenario_3\artefacts\event_logs\Security.evtx,Audit success,0,"{""EventData"":{""Data"":[{""@Name"":""SubjectUserSid"",""#text"":""S-1-5-18""},{""@Name"":""SubjectUserName"",""#text"":""DISSTESTBEDVM$""},{""@Name"":""SubjectDomainName"",""#text"":""WORKGROUP""},{""@Name"":""SubjectLogonId"",""#text"":""0x3E7""},{""@Name"":""Status"",""#text"":""0x0""},{""@Name"":""ProcessId"",""#text"":""0x1248""},{""@Name"":""ProcessName"",""#text"":""C:\\Windows\\System32\\svchost.exe""}]}}"
32591,32591,2026-08-18 07:23:59.6518737,4689,LogAlways,Microsoft-Windows-Security-Auditing,Security,4,8336,disstestbedvm,387,,A process has exited,WORKGROUP\DISSTESTBEDVM$,,,PID: 0x176C,,,,,C:\Windows\System32\svchost.exe,False,D:\UOW\SEM3\msc-diss-7csef001w\scenarios\scenario_3\artefacts\event_logs\Security.evtx,Audit success,0,"{""EventData"":{""Data"":[{""@Name"":""SubjectUserSid"",""#text"":""S-1-5-18""},{""@Name"":""SubjectUserName"",""#text"":""DISSTESTBEDVM$""},{""@Name"":""SubjectDomainName"",""#text"":""WORKGROUP""},{""@Name"":""SubjectLogonId"",""#text"":""0x3E7""},{""@Name"":""Status"",""#text"":""0x0""},{""@Name"":""ProcessId"",""#text"":""0x176C""},{""@Name"":""ProcessName"",""#text"":""C:\\Windows\\System32\\svchost.exe""}]}}"
32592,32592,2026-08-18 07:24:02.4387962,4689,LogAlways,Microsoft-Windows-Security-Auditing,Security,4,8324,disstestbedvm,387,,A process has exited,WORKGROUP\DISSTESTBEDVM$,,,PID: 0x2734,,,,,C:\Windows\WinSxS\amd64_microsoft-windows-servicingstack_31bf3856ad364e35_10.0.26100.8648_none_a50ef8e3775e8e5e\TiWorker.exe,False,D:\UOW\SEM3\msc-diss-7csef001w\scenarios\scenario_3\artefacts\event_logs\Security.evtx,Audit success,0,"{""EventData"":{""Data"":[{""@Name"":""SubjectUserSid"",""#text"":""S-1-5-18""},{""@Name"":""SubjectUserName"",""#text"":""DISSTESTBEDVM$""},{""@Name"":""SubjectDomainName"",""#text"":""WORKGROUP""},{""@Name"":""SubjectLogonId"",""#text"":""0x3E7""},{""@Name"":""Status"",""#text"":""0x0""},{""@Name"":""ProcessId"",""#text"":""0x2734""},{""@Name"":""ProcessName"",""#text"":""C:\\Windows\\WinSxS\\amd64_microsoft-windows-servicingstack_31bf3856ad364e35_10.0.26100.8648_none_a50ef8e3775e8e5e\\TiWorker.exe""}]}}"
32593,32593,2026-08-18 07:24:02.4435518,4689,LogAlways,Microsoft-Windows-Security-Auditing,Security,4,8324,disstestbedvm,387,,A process has exited,WORKGROUP\DISSTESTBEDVM$,,,PID: 0x1398,,,,,C:\Windows\servicing\TrustedInstaller.exe,False,D:\UOW\SEM3\msc-diss-7csef001w\scenarios\scenario_3\artefacts\event_logs\Security.evtx,Audit success,0,"{""EventData"":{""Data"":[{""@Name"":""SubjectUserSid"",""#text"":""S-1-5-18""},{""@Name"":""SubjectUserName"",""#text"":""DISSTESTBEDVM$""},{""@Name"":""SubjectDomainName"",""#text"":""WORKGROUP""},{""@Name"":""SubjectLogonId"",""#text"":""0x3E7""},{""@Name"":""Status"",""#text"":""0x0""},{""@Name"":""ProcessId"",""#text"":""0x1398""},{""@Name"":""ProcessName"",""#text"":""C:\\Windows\\servicing\\TrustedInstaller.exe""}]}}"
32594,32594,2026-08-18 07:24:02.8387149,4689,LogAlways,Microsoft-Windows-Security-Auditing,Security,4,9816,disstestbedvm,387,,A process has exited,WORKGROUP\DISSTESTBEDVM$,,,PID: 0x12A4,,,,,C:\Windows\System32\MpSigStub.exe,False,D:\UOW\SEM3\msc-diss-7csef001w\scenarios\scenario_3\artefacts\event_logs\Security.evtx,Audit success,0,"{""EventData"":{""Data"":[{""@Name"":""SubjectUserSid"",""#text"":""S-1-5-18""},{""@Name"":""SubjectUserName"",""#text"":""DISSTESTBEDVM$""},{""@Name"":""SubjectDomainName"",""#text"":""WORKGROUP""},{""@Name"":""SubjectLogonId"",""#text"":""0x3E7""},{""@Name"":""Status"",""#text"":""0x0""},{""@Name"":""ProcessId"",""#text"":""0x12A4""},{""@Name"":""ProcessName"",""#text"":""C:\\Windows\\System32\\MpSigStub.exe""}]}}"
32595,32595,2026-08-18 07:24:02.8415360,4689,LogAlways,Microsoft-Windows-Security-Auditing,Security,4,9816,disstestbedvm,387,,A process has exited,WORKGROUP\DISSTESTBEDVM$,,,PID: 0x1AC8,,,,,C:\Windows\SoftwareDistribution\Download\Install\AM_Delta_Patch_1.457.219.0.exe,False,D:\UOW\SEM3\msc-diss-7csef001w\scenarios\scenario_3\artefacts\event_logs\Security.evtx,Audit success,0,"{""EventData"":{""Data"":[{""@Name"":""SubjectUserSid"",""#text"":""S-1-5-18""},{""@Name"":""SubjectUserName"",""#text"":""DISSTESTBEDVM$""},{""@Name"":""SubjectDomainName"",""#text"":""WORKGROUP""},{""@Name"":""SubjectLogonId"",""#text"":""0x3E7""},{""@Name"":""Status"",""#text"":""0x0""},{""@Name"":""ProcessId"",""#text"":""0x1AC8""},{""@Name"":""ProcessName"",""#text"":""C:\\Windows\\SoftwareDistribution\\Download\\Install\\AM_Delta_Patch_1.457.219.0.exe""}]}}"
32596,32596,2026-08-18 07:24:02.8651026,4689,LogAlways,Microsoft-Windows-Security-Auditing,Security,4,9816,disstestbedvm,387,,A process has exited,WORKGROUP\DISSTESTBEDVM$,,,PID: 0x24DC,,,,,C:\Windows\UUS\amd64\wuaucltcore.exe,False,D:\UOW\SEM3\msc-diss-7csef001w\scenarios\scenario_3\artefacts\event_logs\Security.evtx,Audit success,0,"{""EventData"":{""Data"":[{""@Name"":""SubjectUserSid"",""#text"":""S-1-5-18""},{""@Name"":""SubjectUserName"",""#text"":""DISSTESTBEDVM$""},{""@Name"":""SubjectDomainName"",""#text"":""WORKGROUP""},{""@Name"":""SubjectLogonId"",""#text"":""0x3E7""},{""@Name"":""Status"",""#text"":""0x0""},{""@Name"":""ProcessId"",""#text"":""0x24DC""},{""@Name"":""ProcessName"",""#text"":""C:\\Windows\\UUS\\amd64\\wuaucltcore.exe""}]}}"
32597,32597,2026-08-18 07:24:02.8901335,4689,LogAlways,Microsoft-Windows-Security-Auditing,Security,4,9816,disstestbedvm,387,,A process has exited,WORKGROUP\DISSTESTBEDVM$,,,PID: 0x1B3C,,,,,C:\ProgramData\Microsoft\Windows Defender\Platform\4.18.26070.9-0\MpCmdRun.exe,False,D:\UOW\SEM3\msc-diss-7csef001w\scenarios\scenario_3\artefacts\event_logs\Security.evtx,Audit success,0,"{""EventData"":{""Data"":[{""@Name"":""SubjectUserSid"",""#text"":""S-1-5-18""},{""@Name"":""SubjectUserName"",""#text"":""DISSTESTBEDVM$""},{""@Name"":""SubjectDomainName"",""#text"":""WORKGROUP""},{""@Name"":""SubjectLogonId"",""#text"":""0x3E7""},{""@Name"":""Status"",""#text"":""0x0""},{""@Name"":""ProcessId"",""#text"":""0x1B3C""},{""@Name"":""ProcessName"",""#text"":""C:\\ProgramData\\Microsoft\\Windows Defender\\Platform\\4.18.26070.9-0\\MpCmdRun.exe""}]}}"
32598,32598,2026-08-18 07:24:02.8955373,4689,LogAlways,Microsoft-Windows-Security-Auditing,Security,4,9816,disstestbedvm,387,,A process has exited,WORKGROUP\DISSTESTBEDVM$,,,PID: 0x148C,,,,,C:\Windows\System32\conhost.exe,False,D:\UOW\SEM3\msc-diss-7csef001w\scenarios\scenario_3\artefacts\event_logs\Security.evtx,Audit success,0,"{""EventData"":{""Data"":[{""@Name"":""SubjectUserSid"",""#text"":""S-1-5-18""},{""@Name"":""SubjectUserName"",""#text"":""DISSTESTBEDVM$""},{""@Name"":""SubjectDomainName"",""#text"":""WORKGROUP""},{""@Name"":""SubjectLogonId"",""#text"":""0x3E7""},{""@Name"":""Status"",""#text"":""0x0""},{""@Name"":""ProcessId"",""#text"":""0x148C""},{""@Name"":""ProcessName"",""#text"":""C:\\Windows\\System32\\conhost.exe""}]}}"
32599,32599,2026-08-18 07:24:02.9167504,4689,LogAlways,Microsoft-Windows-Security-Auditing,Security,4,9816,disstestbedvm,387,,A process has exited,WORKGROUP\DISSTESTBEDVM$,,,PID: 0x25D0,,,,,C:\ProgramData\Microsoft\Windows Defender\Platform\4.18.26070.9-0\MpCmdRun.exe,False,D:\UOW\SEM3\msc-diss-7csef001w\scenarios\scenario_3\artefacts\event_logs\Security.evtx,Audit success,0,"{""EventData"":{""Data"":[{""@Name"":""SubjectUserSid"",""#text"":""S-1-5-18""},{""@Name"":""SubjectUserName"",""#text"":""DISSTESTBEDVM$""},{""@Name"":""SubjectDomainName"",""#text"":""WORKGROUP""},{""@Name"":""SubjectLogonId"",""#text"":""0x3E7""},{""@Name"":""Status"",""#text"":""0x0""},{""@Name"":""ProcessId"",""#text"":""0x25D0""},{""@Name"":""ProcessName"",""#text"":""C:\\ProgramData\\Microsoft\\Windows Defender\\Platform\\4.18.26070.9-0\\MpCmdRun.exe""}]}}"
32600,32600,2026-08-18 07:24:02.9181005,4689,LogAlways,Microsoft-Windows-Security-Auditing,Security,4,9816,disstestbedvm,387,,A process has exited,WORKGROUP\DISSTESTBEDVM$,,,PID: 0x998,,,,,C:\Windows\System32\conhost.exe,False,D:\UOW\SEM3\msc-diss-7csef001w\scenarios\scenario_3\artefacts\event_logs\Security.evtx,Audit success,0,"{""EventData"":{""Data"":[{""@Name"":""SubjectUserSid"",""#text"":""S-1-5-18""},{""@Name"":""SubjectUserName"",""#text"":""DISSTESTBEDVM$""},{""@Name"":""SubjectDomainName"",""#text"":""WORKGROUP""},{""@Name"":""SubjectLogonId"",""#text"":""0x3E7""},{""@Name"":""Status"",""#text"":""0x0""},{""@Name"":""ProcessId"",""#text"":""0x998""},{""@Name"":""ProcessName"",""#text"":""C:\\Windows\\System32\\conhost.exe""}]}}"
32603,32603,2026-08-18 07:24:16.8169916,4688,LogAlways,Microsoft-Windows-Security-Auditing,Security,4,2212,disstestbedvm,387,,A new process has been created,WORKGROUP\DISSTESTBEDVM$,,Parent process: C:\Windows\System32\svchost.exe,PID: 0x8,Parent PID: 0x1F2C,Mandatory label: SECURITY_MANDATORY_SYSTEM_RID,Target User: -\-,,C:\Windows\System32\taskhostw.exe taskhostw.exe -RegisterDevice -ProtectionStateChanged -FreeNetworkOnly,False,D:\UOW\SEM3\msc-diss-7csef001w\scenarios\scenario_3\artefacts\event_logs\Security.evtx,Audit success,0,"{""EventData"":{""Data"":[{""@Name"":""SubjectUserSid"",""#text"":""S-1-5-18""},{""@Name"":""SubjectUserName"",""#text"":""DISSTESTBEDVM$""},{""@Name"":""SubjectDomainName"",""#text"":""WORKGROUP""},{""@Name"":""SubjectLogonId"",""#text"":""0x3E7""},{""@Name"":""NewProcessId"",""#text"":""0x1F2C""},{""@Name"":""NewProcessName"",""#text"":""C:\\Windows\\System32\\taskhostw.exe""},{""@Name"":""TokenElevationType"",""#text"":""%%1936""},{""@Name"":""ProcessId"",""#text"":""0x8""},{""@Name"":""CommandLine"",""#text"":""taskhostw.exe -RegisterDevice -ProtectionStateChanged -FreeNetworkOnly""},{""@Name"":""TargetUserSid"",""#text"":""S-1-0-0""},{""@Name"":""TargetUserName"",""#text"":""-""},{""@Name"":""TargetDomainName"",""#text"":""-""},{""@Name"":""TargetLogonId"",""#text"":""0x0""},{""@Name"":""ParentProcessName"",""#text"":""C:\\Windows\\System32\\svchost.exe""},{""@Name"":""MandatoryLabel"",""#text"":""S-1-16-16384""}]}}"
32604,32604,2026-08-18 07:24:16.9578300,4688,LogAlways,Microsoft-Windows-Security-Auditing,Security,4,8352,disstestbedvm,387,,A new process has been created,WORKGROUP\DISSTESTBEDVM$,,Parent process: C:\Windows\System32\svchost.exe,PID: 0x3F8,Parent PID: 0xFA4,Mandatory label: SECURITY_MANDATORY_MEDIUM_RID,Target User: disstestbedvm\dfanalyst,,C:\Windows\System32\SecurityHealth\10.0.29554.1001-0\SecurityHealthHost.exe \\?\C:\Windows\System32\SecurityHealth\10.0.29554.1001-0\SecurityHealthHost.exe {08728914-3F57-4D52-9E31-49DAECA5A80A} -Embedding,False,D:\UOW\SEM3\msc-diss-7csef001w\scenarios\scenario_3\artefacts\event_logs\Security.evtx,Audit success,0,"{""EventData"":{""Data"":[{""@Name"":""SubjectUserSid"",""#text"":""S-1-5-18""},{""@Name"":""SubjectUserName"",""#text"":""DISSTESTBEDVM$""},{""@Name"":""SubjectDomainName"",""#text"":""WORKGROUP""},{""@Name"":""SubjectLogonId"",""#text"":""0x3E7""},{""@Name"":""NewProcessId"",""#text"":""0xFA4""},{""@Name"":""NewProcessName"",""#text"":""C:\\Windows\\System32\\SecurityHealth\\10.0.29554.1001-0\\SecurityHealthHost.exe""},{""@Name"":""TokenElevationType"",""#text"":""%%1938""},{""@Name"":""ProcessId"",""#text"":""0x3F8""},{""@Name"":""CommandLine"",""#text"":""\\\\?\\C:\\Windows\\System32\\SecurityHealth\\10.0.29554.1001-0\\SecurityHealthHost.exe {08728914-3F57-4D52-9E31-49DAECA5A80A} -Embedding""},{""@Name"":""TargetUserSid"",""#text"":""S-1-5-21-4209295338-567392030-2519289182-1001""},{""@Name"":""TargetUserName"",""#text"":""dfanalyst""},{""@Name"":""TargetDomainName"",""#text"":""disstestbedvm""},{""@Name"":""TargetLogonId"",""#text"":""0x54286""},{""@Name"":""ParentProcessName"",""#text"":""C:\\Windows\\System32\\svchost.exe""},{""@Name"":""MandatoryLabel"",""#text"":""S-1-16-8192""}]}}"
32605,32605,2026-08-18 07:24:17.0072879,4624,LogAlways,Microsoft-Windows-Security-Auditing,Security,884,1560,disstestbedvm,387,,Successful logon,WORKGROUP\DISSTESTBEDVM$,- (-),Target: NT AUTHORITY\SYSTEM,LogonType 5,LogonId: 0x3E7,,,,C:\Windows\System32\services.exe,False,D:\UOW\SEM3\msc-diss-7csef001w\scenarios\scenario_3\artefacts\event_logs\Security.evtx,Audit success,0,"{""EventData"":{""Data"":[{""@Name"":""SubjectUserSid"",""#text"":""S-1-5-18""},{""@Name"":""SubjectUserName"",""#text"":""DISSTESTBEDVM$""},{""@Name"":""SubjectDomainName"",""#text"":""WORKGROUP""},{""@Name"":""SubjectLogonId"",""#text"":""0x3E7""},{""@Name"":""TargetUserSid"",""#text"":""S-1-5-18""},{""@Name"":""TargetUserName"",""#text"":""SYSTEM""},{""@Name"":""TargetDomainName"",""#text"":""NT AUTHORITY""},{""@Name"":""TargetLogonId"",""#text"":""0x3E7""},{""@Name"":""LogonType"",""#text"":""5""},{""@Name"":""LogonProcessName"",""#text"":""Advapi  ""},{""@Name"":""AuthenticationPackageName"",""#text"":""Negotiate""},{""@Name"":""WorkstationName"",""#text"":""-""},{""@Name"":""LogonGuid"",""#text"":""00000000-0000-0000-0000-000000000000""},{""@Name"":""TransmittedServices"",""#text"":""-""},{""@Name"":""LmPackageName"",""#text"":""-""},{""@Name"":""KeyLength"",""#text"":""0""},{""@Name"":""ProcessId"",""#text"":""0x360""},{""@Name"":""ProcessName"",""#text"":""C:\\Windows\\System32\\services.exe""},{""@Name"":""IpAddress"",""#text"":""-""},{""@Name"":""IpPort"",""#text"":""-""},{""@Name"":""ImpersonationLevel"",""#text"":""%%1833""},{""@Name"":""RestrictedAdminMode"",""#text"":""-""},{""@Name"":""RemoteCredentialGuard"",""#text"":""-""},{""@Name"":""TargetOutboundUserName"",""#text"":""-""},{""@Name"":""TargetOutboundDomainName"",""#text"":""-""},{""@Name"":""VirtualAccount"",""#text"":""%%1843""},{""@Name"":""TargetLinkedLogonId"",""#text"":""0x0""},{""@Name"":""ElevatedToken"",""#text"":""%%1842""}]}}"
32606,32606,2026-08-18 07:24:17.0072932,4672,LogAlways,Microsoft-Windows-Security-Auditing,Security,884,1560,disstestbedvm,387,,Administrative logon,NT AUTHORITY\SYSTEM (S-1-5-18),,"PrivilegeList: SeAssignPrimaryTokenPrivilege, SeTcbPrivilege, SeSecurityPrivilege, SeTakeOwnershipPrivilege, SeLoadDriverPrivilege, SeBackupPrivilege, SeRestorePrivilege, SeDebugPrivilege, SeAuditPrivilege, SeSystemEnvironmentPrivilege, SeImpersonatePrivilege, SeDelegateSessionUserImpersonatePrivilege",LogonId: 0x3E7,,,,,,False,D:\UOW\SEM3\msc-diss-7csef001w\scenarios\scenario_3\artefacts\event_logs\Security.evtx,Audit success,0,"{""EventData"":{""Data"":[{""@Name"":""SubjectUserSid"",""#text"":""S-1-5-18""},{""@Name"":""SubjectUserName"",""#text"":""SYSTEM""},{""@Name"":""SubjectDomainName"",""#text"":""NT AUTHORITY""},{""@Name"":""SubjectLogonId"",""#text"":""0x3E7""},{""@Name"":""PrivilegeList"",""#text"":""SeAssignPrimaryTokenPrivilege, SeTcbPrivilege, SeSecurityPrivilege, SeTakeOwnershipPrivilege, SeLoadDriverPrivilege, SeBackupPrivilege, SeRestorePrivilege, SeDebugPrivilege, SeAuditPrivilege, SeSystemEnvironmentPrivilege, SeImpersonatePrivilege, SeDelegateSessionUserImpersonatePrivilege""}]}}"
32607,32607,2026-08-18 07:24:17.0092732,4688,LogAlways,Microsoft-Windows-Security-Auditing,Security,4,8324,disstestbedvm,387,,A new process has been created,WORKGROUP\DISSTESTBEDVM$,,Parent process: C:\Windows\System32\services.exe,PID: 0x360,Parent PID: 0x2698,Mandatory label: SECURITY_MANDATORY_SYSTEM_RID,Target User: -\-,,C:\Windows\System32\svchost.exe C:\WINDOWS\system32\svchost.exe -k GPSvcGroup,False,D:\UOW\SEM3\msc-diss-7csef001w\scenarios\scenario_3\artefacts\event_logs\Security.evtx,Audit success,0,"{""EventData"":{""Data"":[{""@Name"":""SubjectUserSid"",""#text"":""S-1-5-18""},{""@Name"":""SubjectUserName"",""#text"":""DISSTESTBEDVM$""},{""@Name"":""SubjectDomainName"",""#text"":""WORKGROUP""},{""@Name"":""SubjectLogonId"",""#text"":""0x3E7""},{""@Name"":""NewProcessId"",""#text"":""0x2698""},{""@Name"":""NewProcessName"",""#text"":""C:\\Windows\\System32\\svchost.exe""},{""@Name"":""TokenElevationType"",""#text"":""%%1936""},{""@Name"":""ProcessId"",""#text"":""0x360""},{""@Name"":""CommandLine"",""#text"":""C:\\WINDOWS\\system32\\svchost.exe -k GPSvcGroup""},{""@Name"":""TargetUserSid"",""#text"":""S-1-0-0""},{""@Name"":""TargetUserName"",""#text"":""-""},{""@Name"":""TargetDomainName"",""#text"":""-""},{""@Name"":""TargetLogonId"",""#text"":""0x0""},{""@Name"":""ParentProcessName"",""#text"":""C:\\Windows\\System32\\services.exe""},{""@Name"":""MandatoryLabel"",""#text"":""S-1-16-16384""}]}}"
32608,32608,2026-08-18 07:24:17.0319170,4689,LogAlways,Microsoft-Windows-Security-Auditing,Security,4,8324,disstestbedvm,387,,A process has exited,disstestbedvm\dfanalyst,,,PID: 0xFA4,,,,,C:\Windows\System32\SecurityHealth\10.0.29554.1001-0\SecurityHealthHost.exe,False,D:\UOW\SEM3\msc-diss-7csef001w\scenarios\scenario_3\artefacts\event_logs\Security.evtx,Audit success,0,"{""EventData"":{""Data"":[{""@Name"":""SubjectUserSid"",""#text"":""S-1-5-21-4209295338-567392030-2519289182-1001""},{""@Name"":""SubjectUserName"",""#text"":""dfanalyst""},{""@Name"":""SubjectDomainName"",""#text"":""disstestbedvm""},{""@Name"":""SubjectLogonId"",""#text"":""0x54286""},{""@Name"":""Status"",""#text"":""0x0""},{""@Name"":""ProcessId"",""#text"":""0xFA4""},{""@Name"":""ProcessName"",""#text"":""C:\\Windows\\System32\\SecurityHealth\\10.0.29554.1001-0\\SecurityHealthHost.exe""}]}}"
32609,32609,2026-08-18 07:24:17.0982443,4689,LogAlways,Microsoft-Windows-Security-Auditing,Security,4,8324,disstestbedvm,387,,A process has exited,WORKGROUP\DISSTESTBEDVM$,,,PID: 0x1F2C,,,,,C:\Windows\System32\taskhostw.exe,False,D:\UOW\SEM3\msc-diss-7csef001w\scenarios\scenario_3\artefacts\event_logs\Security.evtx,Audit success,0,"{""EventData"":{""Data"":[{""@Name"":""SubjectUserSid"",""#text"":""S-1-5-18""},{""@Name"":""SubjectUserName"",""#text"":""DISSTESTBEDVM$""},{""@Name"":""SubjectDomainName"",""#text"":""WORKGROUP""},{""@Name"":""SubjectLogonId"",""#text"":""0x3E7""},{""@Name"":""Status"",""#text"":""0x0""},{""@Name"":""ProcessId"",""#text"":""0x1F2C""},{""@Name"":""ProcessName"",""#text"":""C:\\Windows\\System32\\taskhostw.exe""}]}}"
32610,32610,2026-08-18 07:24:21.9030086,4688,LogAlways,Microsoft-Windows-Security-Auditing,Security,4,8324,disstestbedvm,387,,A new process has been created,WORKGROUP\DISSTESTBEDVM$,,Parent process: C:\Windows\System32\svchost.exe,PID: 0x8,Parent PID: 0x580,Mandatory label: SECURITY_MANDATORY_SYSTEM_RID,Target User: -\-,,C:\Windows\System32\taskhostw.exe taskhostw.exe -RegisterDevice -ProtectionStateChanged -FreeNetworkOnly,False,D:\UOW\SEM3\msc-diss-7csef001w\scenarios\scenario_3\artefacts\event_logs\Security.evtx,Audit success,0,"{""EventData"":{""Data"":[{""@Name"":""SubjectUserSid"",""#text"":""S-1-5-18""},{""@Name"":""SubjectUserName"",""#text"":""DISSTESTBEDVM$""},{""@Name"":""SubjectDomainName"",""#text"":""WORKGROUP""},{""@Name"":""SubjectLogonId"",""#text"":""0x3E7""},{""@Name"":""NewProcessId"",""#text"":""0x580""},{""@Name"":""NewProcessName"",""#text"":""C:\\Windows\\System32\\taskhostw.exe""},{""@Name"":""TokenElevationType"",""#text"":""%%1936""},{""@Name"":""ProcessId"",""#text"":""0x8""},{""@Name"":""CommandLine"",""#text"":""taskhostw.exe -RegisterDevice -ProtectionStateChanged -FreeNetworkOnly""},{""@Name"":""TargetUserSid"",""#text"":""S-1-0-0""},{""@Name"":""TargetUserName"",""#text"":""-""},{""@Name"":""TargetDomainName"",""#text"":""-""},{""@Name"":""TargetLogonId"",""#text"":""0x0""},{""@Name"":""ParentProcessName"",""#text"":""C:\\Windows\\System32\\svchost.exe""},{""@Name"":""MandatoryLabel"",""#text"":""S-1-16-16384""}]}}"
32611,32611,2026-08-18 07:24:22.0287165,4688,LogAlways,Microsoft-Windows-Security-Auditing,Security,4,2212,disstestbedvm,387,,A new process has been created,WORKGROUP\DISSTESTBEDVM$,,Parent process: C:\Windows\System32\svchost.exe,PID: 0x3F8,Parent PID: 0x27C8,Mandatory label: SECURITY_MANDATORY_MEDIUM_RID,Target User: disstestbedvm\dfanalyst,,C:\Windows\System32\SecurityHealth\10.0.29554.1001-0\SecurityHealthHost.exe \\?\C:\Windows\System32\SecurityHealth\10.0.29554.1001-0\SecurityHealthHost.exe {08728914-3F57-4D52-9E31-49DAECA5A80A} -Embedding,False,D:\UOW\SEM3\msc-diss-7csef001w\scenarios\scenario_3\artefacts\event_logs\Security.evtx,Audit success,0,"{""EventData"":{""Data"":[{""@Name"":""SubjectUserSid"",""#text"":""S-1-5-18""},{""@Name"":""SubjectUserName"",""#text"":""DISSTESTBEDVM$""},{""@Name"":""SubjectDomainName"",""#text"":""WORKGROUP""},{""@Name"":""SubjectLogonId"",""#text"":""0x3E7""},{""@Name"":""NewProcessId"",""#text"":""0x27C8""},{""@Name"":""NewProcessName"",""#text"":""C:\\Windows\\System32\\SecurityHealth\\10.0.29554.1001-0\\SecurityHealthHost.exe""},{""@Name"":""TokenElevationType"",""#text"":""%%1938""},{""@Name"":""ProcessId"",""#text"":""0x3F8""},{""@Name"":""CommandLine"",""#text"":""\\\\?\\C:\\Windows\\System32\\SecurityHealth\\10.0.29554.1001-0\\SecurityHealthHost.exe {08728914-3F57-4D52-9E31-49DAECA5A80A} -Embedding""},{""@Name"":""TargetUserSid"",""#text"":""S-1-5-21-4209295338-567392030-2519289182-1001""},{""@Name"":""TargetUserName"",""#text"":""dfanalyst""},{""@Name"":""TargetDomainName"",""#text"":""disstestbedvm""},{""@Name"":""TargetLogonId"",""#text"":""0x54286""},{""@Name"":""ParentProcessName"",""#text"":""C:\\Windows\\System32\\svchost.exe""},{""@Name"":""MandatoryLabel"",""#text"":""S-1-16-8192""}]}}"
32612,32612,2026-08-18 07:24:22.0800651,4689,LogAlways,Microsoft-Windows-Security-Auditing,Security,4,3232,disstestbedvm,387,,A process has exited,disstestbedvm\dfanalyst,,,PID: 0x27C8,,,,,C:\Windows\System32\SecurityHealth\10.0.29554.1001-0\SecurityHealthHost.exe,False,D:\UOW\SEM3\msc-diss-7csef001w\scenarios\scenario_3\artefacts\event_logs\Security.evtx,Audit success,0,"{""EventData"":{""Data"":[{""@Name"":""SubjectUserSid"",""#text"":""S-1-5-21-4209295338-567392030-2519289182-1001""},{""@Name"":""SubjectUserName"",""#text"":""dfanalyst""},{""@Name"":""SubjectDomainName"",""#text"":""disstestbedvm""},{""@Name"":""SubjectLogonId"",""#text"":""0x54286""},{""@Name"":""Status"",""#text"":""0x0""},{""@Name"":""ProcessId"",""#text"":""0x27C8""},{""@Name"":""ProcessName"",""#text"":""C:\\Windows\\System32\\SecurityHealth\\10.0.29554.1001-0\\SecurityHealthHost.exe""}]}}"
32613,32613,2026-08-18 07:24:22.1631185,4689,LogAlways,Microsoft-Windows-Security-Auditing,Security,4,3232,disstestbedvm,387,,A process has exited,WORKGROUP\DISSTESTBEDVM$,,,PID: 0x580,,,,,C:\Windows\System32\taskhostw.exe,False,D:\UOW\SEM3\msc-diss-7csef001w\scenarios\scenario_3\artefacts\event_logs\Security.evtx,Audit success,0,"{""EventData"":{""Data"":[{""@Name"":""SubjectUserSid"",""#text"":""S-1-5-18""},{""@Name"":""SubjectUserName"",""#text"":""DISSTESTBEDVM$""},{""@Name"":""SubjectDomainName"",""#text"":""WORKGROUP""},{""@Name"":""SubjectLogonId"",""#text"":""0x3E7""},{""@Name"":""Status"",""#text"":""0x0""},{""@Name"":""ProcessId"",""#text"":""0x580""},{""@Name"":""ProcessName"",""#text"":""C:\\Windows\\System32\\taskhostw.exe""}]}}"
32614,32614,2026-08-18 07:24:22.2758521,4688,LogAlways,Microsoft-Windows-Security-Auditing,Security,4,2212,disstestbedvm,387,,A new process has been created,WORKGROUP\DISSTESTBEDVM$,,Parent process: C:\Windows\System32\svchost.exe,PID: 0x3F8,Parent PID: 0x16E0,Mandatory label: SECURITY_MANDATORY_MEDIUM_RID,Target User: disstestbedvm\dfanalyst,,C:\Windows\System32\SecurityHealth\10.0.29554.1001-0\SecurityHealthHost.exe \\?\C:\Windows\System32\SecurityHealth\10.0.29554.1001-0\SecurityHealthHost.exe {08728914-3F57-4D52-9E31-49DAECA5A80A} -Embedding,False,D:\UOW\SEM3\msc-diss-7csef001w\scenarios\scenario_3\artefacts\event_logs\Security.evtx,Audit success,0,"{""EventData"":{""Data"":[{""@Name"":""SubjectUserSid"",""#text"":""S-1-5-18""},{""@Name"":""SubjectUserName"",""#text"":""DISSTESTBEDVM$""},{""@Name"":""SubjectDomainName"",""#text"":""WORKGROUP""},{""@Name"":""SubjectLogonId"",""#text"":""0x3E7""},{""@Name"":""NewProcessId"",""#text"":""0x16E0""},{""@Name"":""NewProcessName"",""#text"":""C:\\Windows\\System32\\SecurityHealth\\10.0.29554.1001-0\\SecurityHealthHost.exe""},{""@Name"":""TokenElevationType"",""#text"":""%%1938""},{""@Name"":""ProcessId"",""#text"":""0x3F8""},{""@Name"":""CommandLine"",""#text"":""\\\\?\\C:\\Windows\\System32\\SecurityHealth\\10.0.29554.1001-0\\SecurityHealthHost.exe {08728914-3F57-4D52-9E31-49DAECA5A80A} -Embedding""},{""@Name"":""TargetUserSid"",""#text"":""S-1-5-21-4209295338-567392030-2519289182-1001""},{""@Name"":""TargetUserName"",""#text"":""dfanalyst""},{""@Name"":""TargetDomainName"",""#text"":""disstestbedvm""},{""@Name"":""TargetLogonId"",""#text"":""0x54286""},{""@Name"":""ParentProcessName"",""#text"":""C:\\Windows\\System32\\svchost.exe""},{""@Name"":""MandatoryLabel"",""#text"":""S-1-16-8192""}]}}"
32615,32615,2026-08-18 07:24:22.3055307,4689,LogAlways,Microsoft-Windows-Security-Auditing,Security,4,3232,disstestbedvm,387,,A process has exited,disstestbedvm\dfanalyst,,,PID: 0x16E0,,,,,C:\Windows\System32\SecurityHealth\10.0.29554.1001-0\SecurityHealthHost.exe,False,D:\UOW\SEM3\msc-diss-7csef001w\scenarios\scenario_3\artefacts\event_logs\Security.evtx,Audit success,0,"{""EventData"":{""Data"":[{""@Name"":""SubjectUserSid"",""#text"":""S-1-5-21-4209295338-567392030-2519289182-1001""},{""@Name"":""SubjectUserName"",""#text"":""dfanalyst""},{""@Name"":""SubjectDomainName"",""#text"":""disstestbedvm""},{""@Name"":""SubjectLogonId"",""#text"":""0x54286""},{""@Name"":""Status"",""#text"":""0x0""},{""@Name"":""ProcessId"",""#text"":""0x16E0""},{""@Name"":""ProcessName"",""#text"":""C:\\Windows\\System32\\SecurityHealth\\10.0.29554.1001-0\\SecurityHealthHost.exe""}]}}"
32616,32616,2026-08-18 07:24:29.7597470,4689,LogAlways,Microsoft-Windows-Security-Auditing,Security,4,8324,disstestbedvm,387,,A process has exited,disstestbedvm\dfanalyst,,,PID: 0xE3C,,,,,C:\Windows\System32\RuntimeBroker.exe,False,D:\UOW\SEM3\msc-diss-7csef001w\scenarios\scenario_3\artefacts\event_logs\Security.evtx,Audit success,0,"{""EventData"":{""Data"":[{""@Name"":""SubjectUserSid"",""#text"":""S-1-5-21-4209295338-567392030-2519289182-1001""},{""@Name"":""SubjectUserName"",""#text"":""dfanalyst""},{""@Name"":""SubjectDomainName"",""#text"":""disstestbedvm""},{""@Name"":""SubjectLogonId"",""#text"":""0x54286""},{""@Name"":""Status"",""#text"":""0x0""},{""@Name"":""ProcessId"",""#text"":""0xE3C""},{""@Name"":""ProcessName"",""#text"":""C:\\Windows\\System32\\RuntimeBroker.exe""}]}}"
32617,32617,2026-08-18 07:24:29.7600340,4689,LogAlways,Microsoft-Windows-Security-Auditing,Security,4,8324,disstestbedvm,387,,A process has exited,disstestbedvm\dfanalyst,,,PID: 0xA4C,,,,,C:\Windows\System32\RuntimeBroker.exe,False,D:\UOW\SEM3\msc-diss-7csef001w\scenarios\scenario_3\artefacts\event_logs\Security.evtx,Audit success,0,"{""EventData"":{""Data"":[{""@Name"":""SubjectUserSid"",""#text"":""S-1-5-21-4209295338-567392030-2519289182-1001""},{""@Name"":""SubjectUserName"",""#text"":""dfanalyst""},{""@Name"":""SubjectDomainName"",""#text"":""disstestbedvm""},{""@Name"":""SubjectLogonId"",""#text"":""0x54286""},{""@Name"":""Status"",""#text"":""0x0""},{""@Name"":""ProcessId"",""#text"":""0xA4C""},{""@Name"":""ProcessName"",""#text"":""C:\\Windows\\System32\\RuntimeBroker.exe""}]}}"
32618,32618,2026-08-18 07:24:30.3973955,4688,LogAlways,Microsoft-Windows-Security-Auditing,Security,4,3232,disstestbedvm,387,,A new process has been created,WORKGROUP\DISSTESTBEDVM$,,Parent process: C:\Windows\System32\svchost.exe,PID: 0x8B4,Parent PID: 0x1B8C,Mandatory label: SECURITY_MANDATORY_SYSTEM_RID,Target User: -\-,,"C:\Windows\System32\CompatTelRunner.exe C:\WINDOWS\system32\compattelrunner.exe -cv:3HsW/egt3UCbr/yx.0.6 -wce:0000000000000000  -m:appraiser.dll -f:DoScheduledTelemetryRun ",False,D:\UOW\SEM3\msc-diss-7csef001w\scenarios\scenario_3\artefacts\event_logs\Security.evtx,Audit success,0,"{""EventData"":{""Data"":[{""@Name"":""SubjectUserSid"",""#text"":""S-1-5-18""},{""@Name"":""SubjectUserName"",""#text"":""DISSTESTBEDVM$""},{""@Name"":""SubjectDomainName"",""#text"":""WORKGROUP""},{""@Name"":""SubjectLogonId"",""#text"":""0x3E7""},{""@Name"":""NewProcessId"",""#text"":""0x1B8C""},{""@Name"":""NewProcessName"",""#text"":""C:\\Windows\\System32\\CompatTelRunner.exe""},{""@Name"":""TokenElevationType"",""#text"":""%%1936""},{""@Name"":""ProcessId"",""#text"":""0x8B4""},{""@Name"":""CommandLine"",""#text"":""C:\\WINDOWS\\system32\\compattelrunner.exe -cv:3HsW/egt3UCbr/yx.0.6 -wce:0000000000000000  -m:appraiser.dll -f:DoScheduledTelemetryRun ""},{""@Name"":""TargetUserSid"",""#text"":""S-1-0-0""},{""@Name"":""TargetUserName"",""#text"":""-""},{""@Name"":""TargetDomainName"",""#text"":""-""},{""@Name"":""TargetLogonId"",""#text"":""0x0""},{""@Name"":""ParentProcessName"",""#text"":""C:\\Windows\\System32\\svchost.exe""},{""@Name"":""MandatoryLabel"",""#text"":""S-1-16-16384""}]}}"
32636,32636,2026-08-18 07:24:55.3289002,4689,LogAlways,Microsoft-Windows-Security-Auditing,Security,4,8324,disstestbedvm,387,,A process has exited,WORKGROUP\DISSTESTBEDVM$,,,PID: 0x1330,,,,,C:\Windows\System32\svchost.exe,False,D:\UOW\SEM3\msc-diss-7csef001w\scenarios\scenario_3\artefacts\event_logs\Security.evtx,Audit success,0,"{""EventData"":{""Data"":[{""@Name"":""SubjectUserSid"",""#text"":""S-1-5-18""},{""@Name"":""SubjectUserName"",""#text"":""DISSTESTBEDVM$""},{""@Name"":""SubjectDomainName"",""#text"":""WORKGROUP""},{""@Name"":""SubjectLogonId"",""#text"":""0x3E7""},{""@Name"":""Status"",""#text"":""0x0""},{""@Name"":""ProcessId"",""#text"":""0x1330""},{""@Name"":""ProcessName"",""#text"":""C:\\Windows\\System32\\svchost.exe""}]}}"
32637,32637,2026-08-18 07:24:56.1235630,4688,LogAlways,Microsoft-Windows-Security-Auditing,Security,4,2212,disstestbedvm,387,,A new process has been created,WORKGROUP\DISSTESTBEDVM$,,Parent process: C:\Windows\System32\CompatTelRunner.exe,PID: 0x1B8C,Parent PID: 0x774,Mandatory label: SECURITY_MANDATORY_SYSTEM_RID,Target User: -\-,,"C:\Windows\System32\WindowsPowerShell\v1.0\powershell.exe powershell.exe -ExecutionPolicy Restricted -Command ,                         $Res = 0,                         $InboxIMEs = (@(,                           '{0000897b-83df-4b96-be07-0fb58b01c4a4}','{03b5835f-f03c-411b-9ce2-aa23e1171e36}',,                           '{531fdebf-9b4c-4a43-a2aa-960e8fcdc732}','{6a498709-e00b-4c45-a018-8f9e4081ae40}',,                           '{7c472071-36a7-4709-88cc-859513e583a9}','{81d4e9c9-1d3b-41bc-9e6c-4b40bf79e35e}',,                           '{81ea0a17-aa39-455b-ba20-ea79a8f98966}','{8613e14c-d0c0-4161-ac0f-1dd2563286bc}',,                           '{a028ae76-01b1-46c2-99c4-acd9858ae02f}','{a1e2b86b-924a-4d43-80f6-8a820df7190f}',,                           '{b115690a-ea02-48d5-a231-e3578d2fdf80}','{c2cb2cf0-af47-413e-9780-8bc3a3c16068}',,                           '{dcbd6fa8-032f-11d3-b5b1-00c04fc324a1}','{e429b25a-e5d3-4d1f-9be3-0c608477e3a1}',,                           '{f25e9f57-2fc8-4eb3-a41a-cce5f08541e6}','{fa445657-9379-11d6-b41a-00065b83ee53}',                         ) | ForEach-Object { [regex]::Escape($_) }) -join '|',                         $InboxPattern = 'TIP\\(?:' + $InboxIMEs + ')',                         $LanguageProfiles = Get-Item 'HKLM:\SOFTWARE\Microsoft\CTF\TIP\{????????-????-????-????-????????????}\LanguageProfile\0x*\{????????-????-????-????-????????????}' -EA SilentlyContinue,                         foreach ($prof in @($LanguageProfiles)) {,                           if ($prof.PSPath -match $InboxPattern) { continue },                           $pp = Get-ItemProperty $prof.PSPath -EA SilentlyContinue,                           $hasEnable = ($pp.PSObject.Properties.Name -contains 'Enable'),                           if ((-not $hasEnable) -or ($pp.Enable -eq 1)) {,                             $Res = 1,                             break,                           },                         },                         Write-Host 'Final result:',$Res,                     ",False,D:\UOW\SEM3\msc-diss-7csef001w\scenarios\scenario_3\artefacts\event_logs\Security.evtx,Audit success,0,"{""EventData"":{""Data"":[{""@Name"":""SubjectUserSid"",""#text"":""S-1-5-18""},{""@Name"":""SubjectUserName"",""#text"":""DISSTESTBEDVM$""},{""@Name"":""SubjectDomainName"",""#text"":""WORKGROUP""},{""@Name"":""SubjectLogonId"",""#text"":""0x3E7""},{""@Name"":""NewProcessId"",""#text"":""0x774""},{""@Name"":""NewProcessName"",""#text"":""C:\\Windows\\System32\\WindowsPowerShell\\v1.0\\powershell.exe""},{""@Name"":""TokenElevationType"",""#text"":""%%1936""},{""@Name"":""ProcessId"",""#text"":""0x1B8C""},{""@Name"":""CommandLine"",""#text"":""powershell.exe -ExecutionPolicy Restricted -Command ,                         $Res = 0,                         $InboxIMEs = (@(,                           '{0000897b-83df-4b96-be07-0fb58b01c4a4}','{03b5835f-f03c-411b-9ce2-aa23e1171e36}',,                           '{531fdebf-9b4c-4a43-a2aa-960e8fcdc732}','{6a498709-e00b-4c45-a018-8f9e4081ae40}',,                           '{7c472071-36a7-4709-88cc-859513e583a9}','{81d4e9c9-1d3b-41bc-9e6c-4b40bf79e35e}',,                           '{81ea0a17-aa39-455b-ba20-ea79a8f98966}','{8613e14c-d0c0-4161-ac0f-1dd2563286bc}',,                           '{a028ae76-01b1-46c2-99c4-acd9858ae02f}','{a1e2b86b-924a-4d43-80f6-8a820df7190f}',,                           '{b115690a-ea02-48d5-a231-e3578d2fdf80}','{c2cb2cf0-af47-413e-9780-8bc3a3c16068}',,                           '{dcbd6fa8-032f-11d3-b5b1-00c04fc324a1}','{e429b25a-e5d3-4d1f-9be3-0c608477e3a1}',,                           '{f25e9f57-2fc8-4eb3-a41a-cce5f08541e6}','{fa445657-9379-11d6-b41a-00065b83ee53}',                         ) | ForEach-Object { [regex]::Escape($_) }) -join '|',                         $InboxPattern = 'TIP\\\\(?:' + $InboxIMEs + ')',                         $LanguageProfiles = Get-Item 'HKLM:\\SOFTWARE\\Microsoft\\CTF\\TIP\\{????????-????-????-????-????????????}\\LanguageProfile\\0x*\\{????????-????-????-????-????????????}' -EA SilentlyContinue,                         foreach ($prof in @($LanguageProfiles)) {,                           if ($prof.PSPath -match $InboxPattern) { continue },                           $pp = Get-ItemProperty $prof.PSPath -EA SilentlyContinue,                           $hasEnable = ($pp.PSObject.Properties.Name -contains 'Enable'),                           if ((-not $hasEnable) -or ($pp.Enable -eq 1)) {,                             $Res = 1,                             break,                           },                         },                         Write-Host 'Final result:',$Res,                     ""},{""@Name"":""TargetUserSid"",""#text"":""S-1-0-0""},{""@Name"":""TargetUserName"",""#text"":""-""},{""@Name"":""TargetDomainName"",""#text"":""-""},{""@Name"":""TargetLogonId"",""#text"":""0x0""},{""@Name"":""ParentProcessName"",""#text"":""C:\\Windows\\System32\\CompatTelRunner.exe""},{""@Name"":""MandatoryLabel"",""#text"":""S-1-16-16384""}]}}"
32638,32638,2026-08-18 07:24:56.1580513,4688,LogAlways,Microsoft-Windows-Security-Auditing,Security,4,8332,disstestbedvm,387,,A new process has been created,WORKGROUP\DISSTESTBEDVM$,,Parent process: C:\Windows\System32\WindowsPowerShell\v1.0\powershell.exe,PID: 0x774,Parent PID: 0x2A44,Mandatory label: SECURITY_MANDATORY_SYSTEM_RID,Target User: -\-,,C:\Windows\System32\conhost.exe \??\C:\WINDOWS\system32\conhost.exe 0xffffffff -ForceV1,False,D:\UOW\SEM3\msc-diss-7csef001w\scenarios\scenario_3\artefacts\event_logs\Security.evtx,Audit success,0,"{""EventData"":{""Data"":[{""@Name"":""SubjectUserSid"",""#text"":""S-1-5-18""},{""@Name"":""SubjectUserName"",""#text"":""DISSTESTBEDVM$""},{""@Name"":""SubjectDomainName"",""#text"":""WORKGROUP""},{""@Name"":""SubjectLogonId"",""#text"":""0x3E7""},{""@Name"":""NewProcessId"",""#text"":""0x2A44""},{""@Name"":""NewProcessName"",""#text"":""C:\\Windows\\System32\\conhost.exe""},{""@Name"":""TokenElevationType"",""#text"":""%%1936""},{""@Name"":""ProcessId"",""#text"":""0x774""},{""@Name"":""CommandLine"",""#text"":""\\??\\C:\\WINDOWS\\system32\\conhost.exe 0xffffffff -ForceV1""},{""@Name"":""TargetUserSid"",""#text"":""S-1-0-0""},{""@Name"":""TargetUserName"",""#text"":""-""},{""@Name"":""TargetDomainName"",""#text"":""-""},{""@Name"":""TargetLogonId"",""#text"":""0x0""},{""@Name"":""ParentProcessName"",""#text"":""C:\\Windows\\System32\\WindowsPowerShell\\v1.0\\powershell.exe""},{""@Name"":""MandatoryLabel"",""#text"":""S-1-16-16384""}]}}"
32639,32639,2026-08-18 07:24:57.5637434,4689,LogAlways,Microsoft-Windows-Security-Auditing,Security,4,8324,disstestbedvm,387,,A process has exited,WORKGROUP\DISSTESTBEDVM$,,,PID: 0x774,,,,,C:\Windows\System32\WindowsPowerShell\v1.0\powershell.exe,False,D:\UOW\SEM3\msc-diss-7csef001w\scenarios\scenario_3\artefacts\event_logs\Security.evtx,Audit success,0,"{""EventData"":{""Data"":[{""@Name"":""SubjectUserSid"",""#text"":""S-1-5-18""},{""@Name"":""SubjectUserName"",""#text"":""DISSTESTBEDVM$""},{""@Name"":""SubjectDomainName"",""#text"":""WORKGROUP""},{""@Name"":""SubjectLogonId"",""#text"":""0x3E7""},{""@Name"":""Status"",""#text"":""0x0""},{""@Name"":""ProcessId"",""#text"":""0x774""},{""@Name"":""ProcessName"",""#text"":""C:\\Windows\\System32\\WindowsPowerShell\\v1.0\\powershell.exe""}]}}"
32640,32640,2026-08-18 07:24:57.5644701,4689,LogAlways,Microsoft-Windows-Security-Auditing,Security,4,8360,disstestbedvm,387,,A process has exited,WORKGROUP\DISSTESTBEDVM$,,,PID: 0x2A44,,,,,C:\Windows\System32\conhost.exe,False,D:\UOW\SEM3\msc-diss-7csef001w\scenarios\scenario_3\artefacts\event_logs\Security.evtx,Audit success,0,"{""EventData"":{""Data"":[{""@Name"":""SubjectUserSid"",""#text"":""S-1-5-18""},{""@Name"":""SubjectUserName"",""#text"":""DISSTESTBEDVM$""},{""@Name"":""SubjectDomainName"",""#text"":""WORKGROUP""},{""@Name"":""SubjectLogonId"",""#text"":""0x3E7""},{""@Name"":""Status"",""#text"":""0x0""},{""@Name"":""ProcessId"",""#text"":""0x2A44""},{""@Name"":""ProcessName"",""#text"":""C:\\Windows\\System32\\conhost.exe""}]}}"
32641,32641,2026-08-18 07:24:57.6073550,4688,LogAlways,Microsoft-Windows-Security-Auditing,Security,4,8360,disstestbedvm,387,,A new process has been created,WORKGROUP\DISSTESTBEDVM$,,Parent process: C:\Windows\System32\CompatTelRunner.exe,PID: 0x1B8C,Parent PID: 0x828,Mandatory label: SECURITY_MANDATORY_SYSTEM_RID,Target User: -\-,,C:\Windows\System32\WindowsPowerShell\v1.0\powershell.exe powershell.exe -ExecutionPolicy Restricted -Command Write-Host 'Final result: 1';,False,D:\UOW\SEM3\msc-diss-7csef001w\scenarios\scenario_3\artefacts\event_logs\Security.evtx,Audit success,0,"{""EventData"":{""Data"":[{""@Name"":""SubjectUserSid"",""#text"":""S-1-5-18""},{""@Name"":""SubjectUserName"",""#text"":""DISSTESTBEDVM$""},{""@Name"":""SubjectDomainName"",""#text"":""WORKGROUP""},{""@Name"":""SubjectLogonId"",""#text"":""0x3E7""},{""@Name"":""NewProcessId"",""#text"":""0x828""},{""@Name"":""NewProcessName"",""#text"":""C:\\Windows\\System32\\WindowsPowerShell\\v1.0\\powershell.exe""},{""@Name"":""TokenElevationType"",""#text"":""%%1936""},{""@Name"":""ProcessId"",""#text"":""0x1B8C""},{""@Name"":""CommandLine"",""#text"":""powershell.exe -ExecutionPolicy Restricted -Command Write-Host 'Final result: 1';""},{""@Name"":""TargetUserSid"",""#text"":""S-1-0-0""},{""@Name"":""TargetUserName"",""#text"":""-""},{""@Name"":""TargetDomainName"",""#text"":""-""},{""@Name"":""TargetLogonId"",""#text"":""0x0""},{""@Name"":""ParentProcessName"",""#text"":""C:\\Windows\\System32\\CompatTelRunner.exe""},{""@Name"":""MandatoryLabel"",""#text"":""S-1-16-16384""}]}}"
32642,32642,2026-08-18 07:24:57.6144090,4688,LogAlways,Microsoft-Windows-Security-Auditing,Security,4,8360,disstestbedvm,387,,A new process has been created,WORKGROUP\DISSTESTBEDVM$,,Parent process: C:\Windows\System32\WindowsPowerShell\v1.0\powershell.exe,PID: 0x828,Parent PID: 0x17D8,Mandatory label: SECURITY_MANDATORY_SYSTEM_RID,Target User: -\-,,C:\Windows\System32\conhost.exe \??\C:\WINDOWS\system32\conhost.exe 0xffffffff -ForceV1,False,D:\UOW\SEM3\msc-diss-7csef001w\scenarios\scenario_3\artefacts\event_logs\Security.evtx,Audit success,0,"{""EventData"":{""Data"":[{""@Name"":""SubjectUserSid"",""#text"":""S-1-5-18""},{""@Name"":""SubjectUserName"",""#text"":""DISSTESTBEDVM$""},{""@Name"":""SubjectDomainName"",""#text"":""WORKGROUP""},{""@Name"":""SubjectLogonId"",""#text"":""0x3E7""},{""@Name"":""NewProcessId"",""#text"":""0x17D8""},{""@Name"":""NewProcessName"",""#text"":""C:\\Windows\\System32\\conhost.exe""},{""@Name"":""TokenElevationType"",""#text"":""%%1936""},{""@Name"":""ProcessId"",""#text"":""0x828""},{""@Name"":""CommandLine"",""#text"":""\\??\\C:\\WINDOWS\\system32\\conhost.exe 0xffffffff -ForceV1""},{""@Name"":""TargetUserSid"",""#text"":""S-1-0-0""},{""@Name"":""TargetUserName"",""#text"":""-""},{""@Name"":""TargetDomainName"",""#text"":""-""},{""@Name"":""TargetLogonId"",""#text"":""0x0""},{""@Name"":""ParentProcessName"",""#text"":""C:\\Windows\\System32\\WindowsPowerShell\\v1.0\\powershell.exe""},{""@Name"":""MandatoryLabel"",""#text"":""S-1-16-16384""}]}}"
32643,32643,2026-08-18 07:24:57.9257132,4689,LogAlways,Microsoft-Windows-Security-Auditing,Security,4,8332,disstestbedvm,387,,A process has exited,WORKGROUP\DISSTESTBEDVM$,,,PID: 0x828,,,,,C:\Windows\System32\WindowsPowerShell\v1.0\powershell.exe,False,D:\UOW\SEM3\msc-diss-7csef001w\scenarios\scenario_3\artefacts\event_logs\Security.evtx,Audit success,0,"{""EventData"":{""Data"":[{""@Name"":""SubjectUserSid"",""#text"":""S-1-5-18""},{""@Name"":""SubjectUserName"",""#text"":""DISSTESTBEDVM$""},{""@Name"":""SubjectDomainName"",""#text"":""WORKGROUP""},{""@Name"":""SubjectLogonId"",""#text"":""0x3E7""},{""@Name"":""Status"",""#text"":""0x0""},{""@Name"":""ProcessId"",""#text"":""0x828""},{""@Name"":""ProcessName"",""#text"":""C:\\Windows\\System32\\WindowsPowerShell\\v1.0\\powershell.exe""}]}}"
32644,32644,2026-08-18 07:24:57.9264459,4689,LogAlways,Microsoft-Windows-Security-Auditing,Security,4,8360,disstestbedvm,387,,A process has exited,WORKGROUP\DISSTESTBEDVM$,,,PID: 0x17D8,,,,,C:\Windows\System32\conhost.exe,False,D:\UOW\SEM3\msc-diss-7csef001w\scenarios\scenario_3\artefacts\event_logs\Security.evtx,Audit success,0,"{""EventData"":{""Data"":[{""@Name"":""SubjectUserSid"",""#text"":""S-1-5-18""},{""@Name"":""SubjectUserName"",""#text"":""DISSTESTBEDVM$""},{""@Name"":""SubjectDomainName"",""#text"":""WORKGROUP""},{""@Name"":""SubjectLogonId"",""#text"":""0x3E7""},{""@Name"":""Status"",""#text"":""0x0""},{""@Name"":""ProcessId"",""#text"":""0x17D8""},{""@Name"":""ProcessName"",""#text"":""C:\\Windows\\System32\\conhost.exe""}]}}"
32656,32656,2026-08-18 07:25:23.1130764,4689,LogAlways,Microsoft-Windows-Security-Auditing,Security,4,8332,disstestbedvm,388,,A process has exited,WORKGROUP\DISSTESTBEDVM$,,,PID: 0x2A60,,,,,C:\Windows\System32\sppsvc.exe,False,D:\UOW\SEM3\msc-diss-7csef001w\scenarios\scenario_3\artefacts\event_logs\Security.evtx,Audit success,0,"{""EventData"":{""Data"":[{""@Name"":""SubjectUserSid"",""#text"":""S-1-5-20""},{""@Name"":""SubjectUserName"",""#text"":""DISSTESTBEDVM$""},{""@Name"":""SubjectDomainName"",""#text"":""WORKGROUP""},{""@Name"":""SubjectLogonId"",""#text"":""0x3E4""},{""@Name"":""Status"",""#text"":""0x0""},{""@Name"":""ProcessId"",""#text"":""0x2A60""},{""@Name"":""ProcessName"",""#text"":""C:\\Windows\\System32\\sppsvc.exe""}]}}"
32657,32657,2026-08-18 07:25:23.1412140,4689,LogAlways,Microsoft-Windows-Security-Auditing,Security,4,8332,disstestbedvm,388,,A process has exited,WORKGROUP\DISSTESTBEDVM$,,,PID: 0xE44,,,,,C:\Windows\System32\wbem\WmiPrvSE.exe,False,D:\UOW\SEM3\msc-diss-7csef001w\scenarios\scenario_3\artefacts\event_logs\Security.evtx,Audit success,0,"{""EventData"":{""Data"":[{""@Name"":""SubjectUserSid"",""#text"":""S-1-5-18""},{""@Name"":""SubjectUserName"",""#text"":""DISSTESTBEDVM$""},{""@Name"":""SubjectDomainName"",""#text"":""WORKGROUP""},{""@Name"":""SubjectLogonId"",""#text"":""0x3E7""},{""@Name"":""Status"",""#text"":""0x0""},{""@Name"":""ProcessId"",""#text"":""0xE44""},{""@Name"":""ProcessName"",""#text"":""C:\\Windows\\System32\\wbem\\WmiPrvSE.exe""}]}}"
32658,32658,2026-08-18 07:25:24.3786894,4689,LogAlways,Microsoft-Windows-Security-Auditing,Security,4,8324,disstestbedvm,388,,A process has exited,disstestbedvm\dfanalyst,,,PID: 0x1B98,,,,,C:\Windows\System32\RuntimeBroker.exe,False,D:\UOW\SEM3\msc-diss-7csef001w\scenarios\scenario_3\artefacts\event_logs\Security.evtx,Audit success,0,"{""EventData"":{""Data"":[{""@Name"":""SubjectUserSid"",""#text"":""S-1-5-21-4209295338-567392030-2519289182-1001""},{""@Name"":""SubjectUserName"",""#text"":""dfanalyst""},{""@Name"":""SubjectDomainName"",""#text"":""disstestbedvm""},{""@Name"":""SubjectLogonId"",""#text"":""0x54286""},{""@Name"":""Status"",""#text"":""0x0""},{""@Name"":""ProcessId"",""#text"":""0x1B98""},{""@Name"":""ProcessName"",""#text"":""C:\\Windows\\System32\\RuntimeBroker.exe""}]}}"
32659,32659,2026-08-18 07:25:38.9008148,4689,LogAlways,Microsoft-Windows-Security-Auditing,Security,4,8336,disstestbedvm,388,,A process has exited,WORKGROUP\DISSTESTBEDVM$,,,PID: 0x16E4,,,,,C:\Windows\System32\svchost.exe,False,D:\UOW\SEM3\msc-diss-7csef001w\scenarios\scenario_3\artefacts\event_logs\Security.evtx,Audit success,0,"{""EventData"":{""Data"":[{""@Name"":""SubjectUserSid"",""#text"":""S-1-5-18""},{""@Name"":""SubjectUserName"",""#text"":""DISSTESTBEDVM$""},{""@Name"":""SubjectDomainName"",""#text"":""WORKGROUP""},{""@Name"":""SubjectLogonId"",""#text"":""0x3E7""},{""@Name"":""Status"",""#text"":""0x0""},{""@Name"":""ProcessId"",""#text"":""0x16E4""},{""@Name"":""ProcessName"",""#text"":""C:\\Windows\\System32\\svchost.exe""}]}}"
2196,2196,2026-08-18 07:23:54.2195968,44,Info,Microsoft-Windows-WindowsUpdateClient,System,9440,9584,disstestbedvm,17,S-1-5-18,,,,,,,,,,,False,D:\UOW\SEM3\msc-diss-7csef001w\scenarios\scenario_3\artefacts\event_logs\System.evtx,0x8000000000002004,0,"{""EventData"":{""Data"":[{""@Name"":""updateTitle"",""#text"":""Security Intelligence Update for Microsoft Defender Antivirus - KB2267602 (Version 1.457.222.0) - Current Channel (Broad)""},{""@Name"":""updateGuid"",""#text"":""018ff754-d524-415c-929e-5a8d9bf2a9bf""},{""@Name"":""updateRevisionNumber"",""#text"":""200""}]}}"
2197,2197,2026-08-18 07:23:54.8400156,43,Info,Microsoft-Windows-WindowsUpdateClient,System,9440,8004,disstestbedvm,17,S-1-5-18,,,,,,,,,,,False,D:\UOW\SEM3\msc-diss-7csef001w\scenarios\scenario_3\artefacts\event_logs\System.evtx,0x8000000000002008,0,"{""EventData"":{""Data"":[{""@Name"":""updateTitle"",""#text"":""Security Intelligence Update for Microsoft Defender Antivirus - KB2267602 (Version 1.457.222.0) - Current Channel (Broad)""},{""@Name"":""updateGuid"",""#text"":""018ff754-d524-415c-929e-5a8d9bf2a9bf""},{""@Name"":""updateRevisionNumber"",""#text"":""200""}]}}"
2198,2198,2026-08-18 07:23:59.5933933,7040,Info,Service Control Manager,System,864,6772,disstestbedvm,17,S-1-5-18,Start type of a service has changed,,,The start type of the Background Intelligent Transfer Service was changed from auto start to demand start,,,,,,BITS,False,D:\UOW\SEM3\msc-diss-7csef001w\scenarios\scenario_3\artefacts\event_logs\System.evtx,"Audit success, classic",0,"{""EventData"":{""Data"":[{""@Name"":""param1"",""#text"":""Background Intelligent Transfer Service""},{""@Name"":""param2"",""#text"":""auto start""},{""@Name"":""param3"",""#text"":""demand start""},{""@Name"":""param4"",""#text"":""BITS""}]}}"
2199,2199,2026-08-18 07:24:02.8607397,19,Info,Microsoft-Windows-WindowsUpdateClient,System,9440,8004,disstestbedvm,17,S-1-5-18,,,,,,,,,,,False,D:\UOW\SEM3\msc-diss-7csef001w\scenarios\scenario_3\artefacts\event_logs\System.evtx,Installation,0,"{""EventData"":{""Data"":[{""@Name"":""updateTitle"",""#text"":""Security Intelligence Update for Microsoft Defender Antivirus - KB2267602 (Version 1.457.222.0) - Current Channel (Broad)""},{""@Name"":""updateGuid"",""#text"":""018ff754-d524-415c-929e-5a8d9bf2a9bf""},{""@Name"":""updateRevisionNumber"",""#text"":""200""},{""@Name"":""serviceGuid"",""#text"":""9482f4b4-e343-43b6-b170-9a65bc822c77""}]}}"
