"Algorithm","Hash","Path","SizeBytes"
"SHA256","A5C69A3B50A001712C2A3DAF78773A8024C4E305340F31B999E32E9F46B10AEA","D:\UOW\SEM3\msc-diss-7csef001w\scenarios\scenario_7\run_2\artefacts\prefetch\151.0.7922.138_CHROME_INSTALL-FFDC6407.pf","45984"
"SHA256","EC2E9AD3CBAE290725A890FF02C4DBC0F602F841CDFD54D4CA231128E6CB3EE4","D:\UOW\SEM3\msc-diss-7csef001w\scenarios\scenario_7\run_2\artefacts\prefetch\151.0.7922.173_CHROME_INSTALL-0C43EED3.pf","45896"
"SHA256","302599C6C5CC6D5AF97483ACFC9997D43A525169D6E3EFD8B136823C2C9875E8","D:\UOW\SEM3\msc-diss-7csef001w\scenarios\scenario_7\run_2\artefacts\prefetch\ACROBAT.EXE-F94F9B29.pf","52771"
"SHA256","9A6A7DE6A6BC8099A72374F94D05069A82742CF6B2B680F7C92B243F0F20E5D6","D:\UOW\SEM3\msc-diss-7csef001w\scenarios\scenario_7\run_2\artefacts\prefetch\ACROBAT.EXE-F94F9B2A.pf","4639"
"SHA256","652CF7E001663F7D59F20DDA7923E32C8CC3F14076E16457A96E4EE78F22E682","D:\UOW\SEM3\msc-diss-7csef001w\scenarios\scenario_7\run_2\artefacts\prefetch\ACROBAT.EXE-F94F9B30.pf","12420"
"SHA256","7388870CA9FBF6CB182F3BB07829F26895C369BF87F15BADE3BBBE2004741089","D:\UOW\SEM3\msc-diss-7csef001w\scenarios\scenario_7\run_2\artefacts\prefetch\ADNOTIFICATIONMANAGER.EXE-E7F9E8B8.pf","11800"
"SHA256","F186DB05336AF8271058CEDC96C3B7230A914625D055D9F1B7CEF351B569EDA5","D:\UOW\SEM3\msc-diss-7csef001w\scenarios\scenario_7\run_2\artefacts\prefetch\ADOBEARM.EXE-F9223367.pf","49969"
"SHA256","00FF7579C70066C933D7F826F6DE14F3BAA9916BF624461C8D49BC031F4A99BE","D:\UOW\SEM3\msc-diss-7csef001w\scenarios\scenario_7\run_2\artefacts\prefetch\ADOBEARMHELPER.EXE-C537EF0C.pf","12139"
"SHA256","CCF16004CDB7F56E5740F0BA18F3FBBD6EF7C480FB0484E3CEC8F711461998F9","D:\UOW\SEM3\msc-diss-7csef001w\scenarios\scenario_7\run_2\artefacts\prefetch\ADOBEARMHELPER.EXE-FA58E1EF.pf","5700"
"SHA256","713F49C9673A82A389530955B163CAC29A15CDAD73908DABE13B6D2D90863C71","D:\UOW\SEM3\msc-diss-7csef001w\scenarios\scenario_7\run_2\artefacts\prefetch\ADOBEARM_UCB.EXE-C04E772A.pf","6559"
"SHA256","AF0F9BEDD32CEFF4C4AECC98B04EDA6326B814C6808A98A8C48F6537AB1BFB19","D:\UOW\SEM3\msc-diss-7csef001w\scenarios\scenario_7\run_2\artefacts\prefetch\ADOBECOLLABSYNC.EXE-A30339B6.pf","36510"
"SHA256","C68D38095DFB2E9B530815D247EDE642914F29DF5DFAB33C109F9DBDAD4F4147","D:\UOW\SEM3\msc-diss-7csef001w\scenarios\scenario_7\run_2\artefacts\prefetch\AM_BASE.EXE-3F70DC95.pf","2302"
"SHA256","D0F474BBBAAF93D94B0C47B73916FCFE691859FB31CD03B2149411BDD10F6488","D:\UOW\SEM3\msc-diss-7csef001w\scenarios\scenario_7\run_2\artefacts\prefetch\AM_BASE_PATCH1.EXE-B2ACC39D.pf","2241"
"SHA256","C8B97625CC098461BFF99EFCA06C8C02331854902960761BCB67E34C89F5D15D","D:\UOW\SEM3\msc-diss-7csef001w\scenarios\scenario_7\run_2\artefacts\prefetch\AM_DELTA.EXE-78CA83B0.pf","3386"
"SHA256","32AF82BCEBE88153759C8B1B5E27929FDA11AC173245F4C514CDCC71FB879F26","D:\UOW\SEM3\msc-diss-7csef001w\scenarios\scenario_7\run_2\artefacts\prefetch\AM_ENGINE.EXE-F1C956E4.pf","2989"
"SHA256","BA9F3EA88E9CC5C678AB17933F671D2656B9538DDF5026210EB97AA9CC7DB1DA","D:\UOW\SEM3\msc-diss-7csef001w\scenarios\scenario_7\run_2\artefacts\prefetch\AM_ENGINE_PATCH_1.1.26060.300-49F3FAFB.pf","2525"
"SHA256","2C09878E9008BBE62372DE03E8BBEC1E12894EF2CA85CF2B4ED8B475BA817786","D:\UOW\SEM3\msc-diss-7csef001w\scenarios\scenario_7\run_2\artefacts\prefetch\APPACTIONS.EXE-D77D7F4C.pf","29797"
"SHA256","33213C121D3445CC3F13D618ECD0BC126CDEA908AF6AE9C5E0880277476BFF88","D:\UOW\SEM3\msc-diss-7csef001w\scenarios\scenario_7\run_2\artefacts\prefetch\APPLICATIONFRAMEHOST.EXE-8CE9A1EE.pf","32007"
"SHA256","F65F9B94DDF68DDEEB60E77FEFE06554EF31BA2F37468DD847FFFA50A724275B","D:\UOW\SEM3\msc-diss-7csef001w\scenarios\scenario_7\run_2\artefacts\prefetch\ARMSVC.EXE-A68AEAE4.pf","4322"
"SHA256","5125158422224BA781B5124DDF585A1225738ED25B4EC3890B93736ABD452F51","D:\UOW\SEM3\msc-diss-7csef001w\scenarios\scenario_7\run_2\artefacts\prefetch\AUDIODG.EXE-AB22E9A6.pf","6820"
"SHA256","4268FFD7E49AA9823E6D91439EDF6A112921917F90A77EC671BDB6072EBA9EBC","D:\UOW\SEM3\msc-diss-7csef001w\scenarios\scenario_7\run_2\artefacts\prefetch\AUDITPOL.EXE-2D4A3037.pf","2354"
"SHA256","98D6E3DCA5D273879B55941300C2EDA14CDA86A70A1FF17B4F1546E6E5998E31","D:\UOW\SEM3\msc-diss-7csef001w\scenarios\scenario_7\run_2\artefacts\prefetch\BACKGROUNDTASKHOST.EXE-4589797A.pf","9344"
"SHA256","F7407C7F2BC695E0DF85115AE8BEA41D312AF58E45A81A97EE2D6219567C7E31","D:\UOW\SEM3\msc-diss-7csef001w\scenarios\scenario_7\run_2\artefacts\prefetch\BACKGROUNDTASKHOST.EXE-51333CCD.pf","6622"
"SHA256","19D450AE0CE359832904E72EFF51B10F6AEE05EB63CB27340D59FC02E55DC09B","D:\UOW\SEM3\msc-diss-7csef001w\scenarios\scenario_7\run_2\artefacts\prefetch\BACKGROUNDTASKHOST.EXE-652FD708.pf","9783"
"SHA256","48190EE5589132C7BF02F170EAE84085B21CCB45217E17BF3FB00C58898AD410","D:\UOW\SEM3\msc-diss-7csef001w\scenarios\scenario_7\run_2\artefacts\prefetch\BACKGROUNDTASKHOST.EXE-7807DBFD.pf","9764"
"SHA256","89CF486143E1E1A502584502D47EACC3525C25AB99040D3293F859C2D38331A6","D:\UOW\SEM3\msc-diss-7csef001w\scenarios\scenario_7\run_2\artefacts\prefetch\BACKGROUNDTASKHOST.EXE-94B29EA3.pf","34393"
"SHA256","83E7BEB61C89C3BF901DB854C5688AAA9702F926CFEC610325D97CE810029BFA","D:\UOW\SEM3\msc-diss-7csef001w\scenarios\scenario_7\run_2\artefacts\prefetch\BACKGROUNDTASKHOST.EXE-BB08D488.pf","27775"
"SHA256","45F8ECC1ADC7D78D78D55C77EC80842B0B1A2833758D9A3BE57911D1C086BECE","D:\UOW\SEM3\msc-diss-7csef001w\scenarios\scenario_7\run_2\artefacts\prefetch\BACKGROUNDTASKHOST.EXE-CAD1DF16.pf","14280"
"SHA256","FB83B4EE74380F5F97B5FCD772311241E872C4C0E1D3849E1B0E05FB2C1E43F4","D:\UOW\SEM3\msc-diss-7csef001w\scenarios\scenario_7\run_2\artefacts\prefetch\BACKGROUNDTASKHOST.EXE-D416BD78.pf","20982"
"SHA256","8799B92DC89528E795992264D3A10B131DD6EEE5F490B9E075C32B778A86FE65","D:\UOW\SEM3\msc-diss-7csef001w\scenarios\scenario_7\run_2\artefacts\prefetch\BACKGROUNDTASKHOST.EXE-E093C3F5.pf","8124"
"SHA256","ACE271DE1E79516F4D174682B4259D11AA9BD38B8A1D5CEC61E4FA2F05B995BE","D:\UOW\SEM3\msc-diss-7csef001w\scenarios\scenario_7\run_2\artefacts\prefetch\BACKGROUNDTRANSFERHOST.EXE-2B373A4D.pf","15189"
"SHA256","240888B95D68764FD6CEB99105284308623CA8F72045AC62BDB0267D59473292","D:\UOW\SEM3\msc-diss-7csef001w\scenarios\scenario_7\run_2\artefacts\prefetch\BACKGROUNDTRANSFERHOST.EXE-6A9B5922.pf","10417"
"SHA256","EF39C5D027DCA3BDBCDBC28EFD7259F42AAFC151E5662F5F59B8995F2F95763E","D:\UOW\SEM3\msc-diss-7csef001w\scenarios\scenario_7\run_2\artefacts\prefetch\BACKGROUNDTRANSFERHOST.EXE-E7B7D877.pf","18336"
"SHA256","F0630BF6D1814FF1CFF289E39382D21EF96888B4757216E3F9214805A89B389C","D:\UOW\SEM3\msc-diss-7csef001w\scenarios\scenario_7\run_2\artefacts\prefetch\BDEUISRV.EXE-7BC33651.pf","7105"
"SHA256","590017F925ED0CA0A8F96F0D853C4BB0DB1F4CC06C86E16D34F1BEC9F15FD62C","D:\UOW\SEM3\msc-diss-7csef001w\scenarios\scenario_7\run_2\artefacts\prefetch\CHRMSTP.EXE-A45CB8FE.pf","12341"
"SHA256","0DDC792B61E2EC036F518672F9669AFE8CADA1B92F8F818F6658103B0C05145F","D:\UOW\SEM3\msc-diss-7csef001w\scenarios\scenario_7\run_2\artefacts\prefetch\CHRMSTP.EXE-A45CB902.pf","5305"
"SHA256","471640B250315E0DAF00438C0303EE6BC422CEB14DD0A9AD079FE57A5B23B6F7","D:\UOW\SEM3\msc-diss-7csef001w\scenarios\scenario_7\run_2\artefacts\prefetch\CHROME.EXE-AED7BA3C.pf","48978"
"SHA256","9DDD7B2B937C9735AD92BABC2FFE087BB2AFBCEB569229FC2DD4B787937D8580","D:\UOW\SEM3\msc-diss-7csef001w\scenarios\scenario_7\run_2\artefacts\prefetch\CHROME.EXE-AED7BA3D.pf","26424"
"SHA256","5388B63BE1E97CC069F009EBC87677A596A015ADA65B2EF9079E19AB368D7947","D:\UOW\SEM3\msc-diss-7csef001w\scenarios\scenario_7\run_2\artefacts\prefetch\CHROME.EXE-AED7BA3E.pf","53890"
"SHA256","FB3E2F3D66CC87C966C7CA00EA91E2EE41835A41055EB15441DD215066EC18DA","D:\UOW\SEM3\msc-diss-7csef001w\scenarios\scenario_7\run_2\artefacts\prefetch\CHROME.EXE-AED7BA40.pf","4445"
"SHA256","1B7E3C1098431A51D65B4D0644DD7A8F2E5F50895FE59A40BBBE96C5DEB5C6A3","D:\UOW\SEM3\msc-diss-7csef001w\scenarios\scenario_7\run_2\artefacts\prefetch\CHROME.EXE-AED7BA45.pf","22553"
"SHA256","49876F3B08F486F02B5508FC0C73E548953E990D6549576A91BA9EDD0E585B86","D:\UOW\SEM3\msc-diss-7csef001w\scenarios\scenario_7\run_2\artefacts\prefetch\CHROME.EXE-AED7BA47.pf","18717"
"SHA256","0F9FB4F53A89B9976B0144E8B50DF2C7BCC377B04C5716550A7C95BFFE8BD701","D:\UOW\SEM3\msc-diss-7csef001w\scenarios\scenario_7\run_2\artefacts\prefetch\CHROME.EXE-AED7BA4A.pf","10511"
"SHA256","D682D25943BB3CE0C5AF72B84BDF3744BFB20C61D71C710A246274DE9D9DB38A","D:\UOW\SEM3\msc-diss-7csef001w\scenarios\scenario_7\run_2\artefacts\prefetch\CHROMESETUP.EXE-A7F215CA.pf","29798"
"SHA256","53209101B3F8DE2E275C35EF64A4A53C8AC25793C0823FE354B819F8C11FE61B","D:\UOW\SEM3\msc-diss-7csef001w\scenarios\scenario_7\run_2\artefacts\prefetch\CMD.EXE-0BD30981.pf","5314"
"SHA256","0BAE6CF8B986447EDAAB5769175C5065D8ADD11842891A4E528D3B43CBDF965F","D:\UOW\SEM3\msc-diss-7csef001w\scenarios\scenario_7\run_2\artefacts\prefetch\COMPATTELRUNNER.EXE-B7A68ECC.pf","35912"
"SHA256","2B4967DC11DD2B31F9CAE76A8908FEDF838E04413E6D6F90DF47508782DCF54F","D:\UOW\SEM3\msc-diss-7csef001w\scenarios\scenario_7\run_2\artefacts\prefetch\COMPPKGSRV.EXE-4780F0C1.pf","4140"
"SHA256","DB12E008CF626F4AE684E853FC1D80A71E7AC2514DAB4273412822B8B728E899","D:\UOW\SEM3\msc-diss-7csef001w\scenarios\scenario_7\run_2\artefacts\prefetch\CONHOST.EXE-0C6456FB.pf","14319"
"SHA256","EB274630356AAE51D965A5250B2697CBB1ADDDAF626EEF7DB8B1D6824DA25655","D:\UOW\SEM3\msc-diss-7csef001w\scenarios\scenario_7\run_2\artefacts\prefetch\CONSENT.EXE-40419367.pf","64517"
"SHA256","4941EBBC4DC4411F9101DD2C3F29FC1C00D7CCDC8AE14278BAD83910C04C9EAD","D:\UOW\SEM3\msc-diss-7csef001w\scenarios\scenario_7\run_2\artefacts\prefetch\CPINSTCU.EXE-3BDE08CA.pf","4685"
"SHA256","9565EE3391BADBAD74ECEEEE0A419A715DD6CC4BD734B50E445599C93408F3BD","D:\UOW\SEM3\msc-diss-7csef001w\scenarios\scenario_7\run_2\artefacts\prefetch\CSRSS.EXE-F3C368CB.pf","3868"
"SHA256","442AE467B3D99EC347EC9034372D5335FF052A82AE6305A1335971739FF02B66","D:\UOW\SEM3\msc-diss-7csef001w\scenarios\scenario_7\run_2\artefacts\prefetch\CTFMON.EXE-795F8130.pf","12151"
"SHA256","81489186F0BB824B80C28B8279C364054653CBB67BF25FED2F73DF3C777ACF3A","D:\UOW\SEM3\msc-diss-7csef001w\scenarios\scenario_7\run_2\artefacts\prefetch\DATAEXCHANGEHOST.EXE-8B66795C.pf","18806"
"SHA256","593AF0DF9899CB0E18DEB1D064336781C25142948F05811885CF5160A9FF1A4C","D:\UOW\SEM3\msc-diss-7csef001w\scenarios\scenario_7\run_2\artefacts\prefetch\DEFRAG.EXE-3D9E8D72.pf","5646"
"SHA256","3BE81FD80E0DF0E48B487F5681D61A4BC653D732A93714392F228553171043A2","D:\UOW\SEM3\msc-diss-7csef001w\scenarios\scenario_7\run_2\artefacts\prefetch\DIRECTXDATABASEUPDATER.EXE-7B8AED66.pf","8591"
"SHA256","3153D45F73B296EA08617E19A12D7E48711A1EFD59F1F2BB538741C93D2C275E","D:\UOW\SEM3\msc-diss-7csef001w\scenarios\scenario_7\run_2\artefacts\prefetch\DISMHOST.EXE-89B7E4B6.pf","39912"
"SHA256","703305B577B725E75DD2AF3AD5368506B77739565ABFAB7F5349C633F6716EDE","D:\UOW\SEM3\msc-diss-7csef001w\scenarios\scenario_7\run_2\artefacts\prefetch\DISMHOST.EXE-9ED88D89.pf","6090"
"SHA256","6AAF97CCB3629EDFC586A19675BD48B23C7FDCA3A944683E8559AF1007B27810","D:\UOW\SEM3\msc-diss-7csef001w\scenarios\scenario_7\run_2\artefacts\prefetch\DLLHOST.EXE-05A0DDA3.pf","7143"
"SHA256","E5004BEF2C203C998E485616B11202803691FD8D51A4CEEBEA18C154D6F268B3","D:\UOW\SEM3\msc-diss-7csef001w\scenarios\scenario_7\run_2\artefacts\prefetch\DLLHOST.EXE-074772BA.pf","9362"
"SHA256","4F5A8A00AEE3FAB3678FE548533F2C9FAC9B2BFE1BF628CF1F82B71044C9AEB7","D:\UOW\SEM3\msc-diss-7csef001w\scenarios\scenario_7\run_2\artefacts\prefetch\DLLHOST.EXE-16537BE1.pf","12474"
"SHA256","209396F052599F0EDD177F9EE29CFD25DDF83CF2AF335982A004749032BE3645","D:\UOW\SEM3\msc-diss-7csef001w\scenarios\scenario_7\run_2\artefacts\prefetch\DLLHOST.EXE-1A12D5C8.pf","6961"
"SHA256","198623DFA01B8FC8F1D46D5763E7DA6F8A03B60FB53264E83087F31F09DC196A","D:\UOW\SEM3\msc-diss-7csef001w\scenarios\scenario_7\run_2\artefacts\prefetch\DLLHOST.EXE-1BAE06BB.pf","3874"
"SHA256","0912AEA5B8A234126871332174952826B93433E247206D4626AF864A88555CF1","D:\UOW\SEM3\msc-diss-7csef001w\scenarios\scenario_7\run_2\artefacts\prefetch\DLLHOST.EXE-47BE07DC.pf","7630"
"SHA256","4F8D5008DAC557BCEEBCBDB1E7D6ECE896B8F5C3912ADFF4E1CCA1F3425273BE","D:\UOW\SEM3\msc-diss-7csef001w\scenarios\scenario_7\run_2\artefacts\prefetch\DLLHOST.EXE-633F9460.pf","7100"
"SHA256","157E05DB1F272F62B7179C2FD9B0F07278FA268BC0086DACF7EDE2ABEAC36390","D:\UOW\SEM3\msc-diss-7csef001w\scenarios\scenario_7\run_2\artefacts\prefetch\DLLHOST.EXE-6F625E57.pf","4271"
"SHA256","D367055C85C1D9B55ECBD1D25698031014DFFCFE807D1101CE7847D66FDA8477","D:\UOW\SEM3\msc-diss-7csef001w\scenarios\scenario_7\run_2\artefacts\prefetch\DLLHOST.EXE-742E0212.pf","18887"
"SHA256","5D8FE6E571A146E8692FEE20BCE9A7A6F35E3BB551C7447DD44CA4B9E0D455D8","D:\UOW\SEM3\msc-diss-7csef001w\scenarios\scenario_7\run_2\artefacts\prefetch\DLLHOST.EXE-7D5CE0CA.pf","4481"
"SHA256","C76218969C43020E2BCAEB87E94B16599FD1BC545735C3A0666FEEE5172E17BE","D:\UOW\SEM3\msc-diss-7csef001w\scenarios\scenario_7\run_2\artefacts\prefetch\DLLHOST.EXE-810B6BBE.pf","9216"
"SHA256","45C3D3C448EC4AEBAFF4809859FE10AE6F0CA434C43F2FD5F03CB3014A556A2B","D:\UOW\SEM3\msc-diss-7csef001w\scenarios\scenario_7\run_2\artefacts\prefetch\DLLHOST.EXE-889581BD.pf","10589"
"SHA256","A87C5145C7801ECED07433268FD7AF00569195E730537D9C161C04B30CAC2E52","D:\UOW\SEM3\msc-diss-7csef001w\scenarios\scenario_7\run_2\artefacts\prefetch\DLLHOST.EXE-895D23F2.pf","11472"
"SHA256","9552DBAEC2BDAE5F17405630768F900F6FEC5E7D64B53EB1A37E0C5BC2A2FD2A","D:\UOW\SEM3\msc-diss-7csef001w\scenarios\scenario_7\run_2\artefacts\prefetch\DLLHOST.EXE-A6DA1980.pf","6207"
"SHA256","D6436D6EEBE0C4E4BB27087F3A02D38F0AD10B955FDB04A5E9F3B1156EAA6FBA","D:\UOW\SEM3\msc-diss-7csef001w\scenarios\scenario_7\run_2\artefacts\prefetch\DLLHOST.EXE-B6ED8881.pf","9775"
"SHA256","81E922215E6D3E3F1E17D7688CA3517A4ECADEF1890D3B430AE68CE665D1CEF4","D:\UOW\SEM3\msc-diss-7csef001w\scenarios\scenario_7\run_2\artefacts\prefetch\DLLHOST.EXE-C7F45418.pf","7303"
"SHA256","CE7E66E4876C8E1998EF505E48D7F73AE6CFA72CEB043308524F9F12CB281694","D:\UOW\SEM3\msc-diss-7csef001w\scenarios\scenario_7\run_2\artefacts\prefetch\DLLHOST.EXE-CF58F4A8.pf","7835"
"SHA256","A7FBD50E48A9E0EA54030709FEC7F286DD5119D9F9B9CEE8E8E2B16F7A90305C","D:\UOW\SEM3\msc-diss-7csef001w\scenarios\scenario_7\run_2\artefacts\prefetch\DLLHOST.EXE-DEEF2761.pf","7043"
"SHA256","2392A9167EF72D161FF62BD1838EE7483EE33705B10B9051DD09473DFDC5F57D","D:\UOW\SEM3\msc-diss-7csef001w\scenarios\scenario_7\run_2\artefacts\prefetch\DLLHOST.EXE-ECDCED3C.pf","8204"
"SHA256","0D954C9A7E5FB1613F747FC484B93B115CA46DD4D7E82A72E24F351B02A433DA","D:\UOW\SEM3\msc-diss-7csef001w\scenarios\scenario_7\run_2\artefacts\prefetch\DLLHOST.EXE-F6E270D2.pf","9803"
"SHA256","AFA95E4C43FD8605067427972976200A26176D20B1D836C6A6C70D19E79B1264","D:\UOW\SEM3\msc-diss-7csef001w\scenarios\scenario_7\run_2\artefacts\prefetch\DLLHOST.EXE-F7FC6593.pf","7202"
"SHA256","DA2C98A1B2F2E7E91CCC4A6D58EE773297057989D9E6FCC4979ECE4A5F635FAE","D:\UOW\SEM3\msc-diss-7csef001w\scenarios\scenario_7\run_2\artefacts\prefetch\DRVINST.EXE-39D9EAC7.pf","12322"
"SHA256","9EB812C81A5D727C7194A5D51673973E59B7975AC1FB06A3A1071A1EB34BE461","D:\UOW\SEM3\msc-diss-7csef001w\scenarios\scenario_7\run_2\artefacts\prefetch\DSMUSERTASK.EXE-853A6893.pf","1983"
"SHA256","C0991B32CAFB1C8C39BEC1430529F4F530E5E66072174CB7D02FD7CE9CACA916","D:\UOW\SEM3\msc-diss-7csef001w\scenarios\scenario_7\run_2\artefacts\prefetch\DWM.EXE-314E93C5.pf","20138"
"SHA256","288EC9904DCD20831D8860DD4712C23CBFD6008AB3A2E0640B50460BF9AA2880","D:\UOW\SEM3\msc-diss-7csef001w\scenarios\scenario_7\run_2\artefacts\prefetch\dynrespri.7db","200064"
"SHA256","91FC3C69487919068B8D7DF9B75BC33C974ADC513A97CFC65923298F434A4CE2","D:\UOW\SEM3\msc-diss-7csef001w\scenarios\scenario_7\run_2\artefacts\prefetch\ELEVATION_SERVICE.EXE-84F3CFD3.pf","6919"
"SHA256","0F7396EADD1A4F18AA008C67015455C75F65A3EF0A81DD5748799E872093B529","D:\UOW\SEM3\msc-diss-7csef001w\scenarios\scenario_7\run_2\artefacts\prefetch\ELEVATION_SERVICE.EXE-9F002A1E.pf","6673"
"SHA256","C085D81971E59A81E58D6856762E347CB54015D94D10919BD96AAA165B845673","D:\UOW\SEM3\msc-diss-7csef001w\scenarios\scenario_7\run_2\artefacts\prefetch\EXPLORER.EXE-54012F5E.pf","6703"
"SHA256","E17655102FC0DF1DBF18BCF2BA663BBB2984691C99E08537DC67A3D9DA4C37A6","D:\UOW\SEM3\msc-diss-7csef001w\scenarios\scenario_7\run_2\artefacts\prefetch\F65B37D7-6CC3-45AC-8082-D0A15-A612753A.pf","47146"
"SHA256","CDA28DE51D81E716285339DB2941A23FC8F2F6089D13865B855AACD49FA9D638","D:\UOW\SEM3\msc-diss-7csef001w\scenarios\scenario_7\run_2\artefacts\prefetch\FILECOAUTH.EXE-2FD9EA81.pf","15196"
"SHA256","4C9E1B2B165965B7BBD131970BF5CC4248E75B39C522D5640284B6523A6B7BE2","D:\UOW\SEM3\msc-diss-7csef001w\scenarios\scenario_7\run_2\artefacts\prefetch\FILECOAUTH.EXE-8B04AFD8.pf","12781"
"SHA256","F3C7CF558B910EA42750D3AC9F5EFDE028D61A0A002BCF4A63A060FA326AFBB7","D:\UOW\SEM3\msc-diss-7csef001w\scenarios\scenario_7\run_2\artefacts\prefetch\FILECOAUTH.EXE-B4B75AA7.pf","15015"
"SHA256","E50680A40C60B2B09CEA1B7A23E5B4ABC4CB67B68AB53C4A84EE43CB7582AF53","D:\UOW\SEM3\msc-diss-7csef001w\scenarios\scenario_7\run_2\artefacts\prefetch\FILECOAUTH.EXE-C81C0747.pf","12536"
"SHA256","B4A09D8B683B1928EBF36381B3E0E391C0D46D13CA8FF513004743D8D744A8C2","D:\UOW\SEM3\msc-diss-7csef001w\scenarios\scenario_7\run_2\artefacts\prefetch\FILECOAUTH.EXE-DEBD4FBE.pf","12573"
"SHA256","49C6608EFD61CC88897FC7B4786876636CCDE9390FABD1D64227570CB2934378","D:\UOW\SEM3\msc-diss-7csef001w\scenarios\scenario_7\run_2\artefacts\prefetch\FILECOAUTH.EXE-E761558A.pf","20857"
"SHA256","5895D96488A0D9C1B83E59289CB572FD0B1E6974AEED4747269714258045F536","D:\UOW\SEM3\msc-diss-7csef001w\scenarios\scenario_7\run_2\artefacts\prefetch\FILESYNCCONFIG.EXE-1EF029AA.pf","13226"
"SHA256","3C26CE9CC010EF6E9AEE1E88CE89F5F34A6544F96328391F73AE4CD091EE4D85","D:\UOW\SEM3\msc-diss-7csef001w\scenarios\scenario_7\run_2\artefacts\prefetch\FILESYNCCONFIG.EXE-3104F3A4.pf","12707"
"SHA256","720F2DDFA6530F89A7B40CCB7592BBB3B6D6D0BD0401564A39AB6A366282ACAB","D:\UOW\SEM3\msc-diss-7csef001w\scenarios\scenario_7\run_2\artefacts\prefetch\FILESYNCCONFIG.EXE-7CF1310A.pf","12681"
"SHA256","1DC1C92B5F63A9B906C407A29CF64A22AE82FE8356673A0C09ACB6F7FF515C0D","D:\UOW\SEM3\msc-diss-7csef001w\scenarios\scenario_7\run_2\artefacts\prefetch\FILESYNCCONFIG.EXE-8C7A3841.pf","13434"
"SHA256","6C2BBC69A5C35835B76D87C123D3B415B232705BA772806222567C5147704AE2","D:\UOW\SEM3\msc-diss-7csef001w\scenarios\scenario_7\run_2\artefacts\prefetch\FILESYNCCONFIG.EXE-BE4D831B.pf","13188"
"SHA256","635E578034C906F6B9CA9CF6BFF6A954F1D908406DE5CED4BD672CEEDC40069D","D:\UOW\SEM3\msc-diss-7csef001w\scenarios\scenario_7\run_2\artefacts\prefetch\FILESYNCCONFIG.EXE-F25FA88D.pf","12959"
"SHA256","0AE1E6D76A616F2C44B4DE6C6C11ACCE06D36FB6ED576A64912ACD16588CA426","D:\UOW\SEM3\msc-diss-7csef001w\scenarios\scenario_7\run_2\artefacts\prefetch\FIRSTLOGONANIM.EXE-FA0BF656.pf","13646"
"SHA256","03E947095BD1BCAD69C1160AB25846724E4894AFD96608420BF4E18AC66F4712","D:\UOW\SEM3\msc-diss-7csef001w\scenarios\scenario_7\run_2\artefacts\prefetch\FODHELPER.EXE-7F1ED892.pf","6430"
"SHA256","314A95F1EC91940130648899AB604B84526DAC2F30706607C6195DFBB6D3DAE2","D:\UOW\SEM3\msc-diss-7csef001w\scenarios\scenario_7\run_2\artefacts\prefetch\FONTDRVHOST.EXE-8152304A.pf","2192"
"SHA256","30202536175295232B5FF3392AF241B6ADE28CC00CB5F2C733C9382EB058B869","D:\UOW\SEM3\msc-diss-7csef001w\scenarios\scenario_7\run_2\artefacts\prefetch\FSQUIRT.EXE-A8FF1DEB.pf","7730"
"SHA256","59359D877E7D63A8617C6D14F17C828E69C81A00C62FA930736A3F61FCAEAB02","D:\UOW\SEM3\msc-diss-7csef001w\scenarios\scenario_7\run_2\artefacts\prefetch\FULLTRUSTNOTIFIER.EXE-CE8718CD.pf","7239"
"SHA256","4785A05D6B1522DA0F11FBBF173C07A30EB09D9A0763517E260014F45CED4A3E","D:\UOW\SEM3\msc-diss-7csef001w\scenarios\scenario_7\run_2\artefacts\prefetch\GAMEBARFTSERVER.EXE-06BA06F5.pf","3831"
"SHA256","1BC15EF5A0F6EC666AC213B64A47DA814F8976B3D84D3C213CEEA9143D00A3CC","D:\UOW\SEM3\msc-diss-7csef001w\scenarios\scenario_7\run_2\artefacts\prefetch\GENVALOBJ.EXE-12FC6795.pf","10317"
"SHA256","D4DBB8FFA1E7F23F1B31EA50F83FBE1D9766C4436E46A968742F4F05C0C1CE97","D:\UOW\SEM3\msc-diss-7csef001w\scenarios\scenario_7\run_2\artefacts\prefetch\GUP.EXE-226DCAE9.pf","5195"
"SHA256","AA857FEFC55AD8EBD98C051DBF4EA2DD3778CCEA1C34F89D47A0519D8F8DBE0C","D:\UOW\SEM3\msc-diss-7csef001w\scenarios\scenario_7\run_2\artefacts\prefetch\IDENTITY_HELPER.EXE-2ABE7119.pf","14130"
"SHA256","CC9A39FA08A0BB4F24F14B422EAFAC898684E9AC95099619A7415AB66861A4D5","D:\UOW\SEM3\msc-diss-7csef001w\scenarios\scenario_7\run_2\artefacts\prefetch\IDENTITY_HELPER.EXE-92061327.pf","28893"
"SHA256","A712D83876D50C340D9914BB630A24093757F1C2D14BA7A8498AAB4E517C5BCF","D:\UOW\SEM3\msc-diss-7csef001w\scenarios\scenario_7\run_2\artefacts\prefetch\INSTALLER.EXE-4EA35968.pf","8617"
"SHA256","3F40630D88AA68063C32AA573687BC77D8CB84FB8E9768042014234A8E3485DB","D:\UOW\SEM3\msc-diss-7csef001w\scenarios\scenario_7\run_2\artefacts\prefetch\INSTALLER.EXE-D59100F1.pf","49605"
"SHA256","98E302CA2C6A0DA100E108BF8322B3CCA4443179C4B2A01A7F6BDFB31198D1CA","D:\UOW\SEM3\msc-diss-7csef001w\scenarios\scenario_7\run_2\artefacts\prefetch\IPCONFIG.EXE-BFEC2AD0.pf","3057"
"SHA256","4DD7503CAFFF5440BCB12D1A7EB8B2900F2C1BC03161371746923C962BBB1A2F","D:\UOW\SEM3\msc-diss-7csef001w\scenarios\scenario_7\run_2\artefacts\prefetch\LOCKAPP.EXE-4802742B.pf","37165"
"SHA256","4F34C72E1015780F28373E8FE0E74216BB87E68B699F3692D3DC4809E3EA3038","D:\UOW\SEM3\msc-diss-7csef001w\scenarios\scenario_7\run_2\artefacts\prefetch\LOGONUI.EXE-F639BD7E.pf","32169"
"SHA256","F1D165BEDB7348783C6690C14B91B47027AEFCC60CED7298A3EAFD1E34C646AB","D:\UOW\SEM3\msc-diss-7csef001w\scenarios\scenario_7\run_2\artefacts\prefetch\LPREMOVE.EXE-570BDFF7.pf","2572"
"SHA256","16818DC33AD89F40E66F8A9D48D7A99856A03D1AF0AB771A89677F92D59CF810","D:\UOW\SEM3\msc-diss-7csef001w\scenarios\scenario_7\run_2\artefacts\prefetch\MANAGE-BDE.EXE-5D45B44A.pf","5155"
"SHA256","B89D150B3C3A69B2E35F0E1F9BF11D598F986DE0246DA88E3E3D1F9DE0BCAFD9","D:\UOW\SEM3\msc-diss-7csef001w\scenarios\scenario_7\run_2\artefacts\prefetch\MICROSOFT.SHAREPOINT.EXE-D515E8F9.pf","51826"
"SHA256","074CF2A8B73BC32588036E5E38AE2B44A84279CD1713DF3B02073A084143DF15","D:\UOW\SEM3\msc-diss-7csef001w\scenarios\scenario_7\run_2\artefacts\prefetch\MICROSOFTEDGEUPDATE.EXE-3531B324.pf","7475"
"SHA256","66E08FFDDFF279D084D2BFB956227E08F78244C7375AAA2B5D7BCCAD382BA43A","D:\UOW\SEM3\msc-diss-7csef001w\scenarios\scenario_7\run_2\artefacts\prefetch\MICROSOFTEDGEUPDATE.EXE-7A595326.pf","10265"
"SHA256","4A5E92CD8CE2A55AED2E94085227E6B20563630ED53D38F2E61E9CBBAF645A49","D:\UOW\SEM3\msc-diss-7csef001w\scenarios\scenario_7\run_2\artefacts\prefetch\MICROSOFTEDGEUPDATE.EXE-88DD00F6.pf","7748"
"SHA256","4F632379178D2C60177EC12FA696EDDD87CAD54AC643904F5FD266EAC3BA02BE","D:\UOW\SEM3\msc-diss-7csef001w\scenarios\scenario_7\run_2\artefacts\prefetch\MICROSOFTEDGEUPDATE.EXE-BE4DC3BA.pf","7509"
"SHA256","CF7FA07EC8143187A4715DF78455007BF51CAE048B3B0E4EE0BDD3DCF848758D","D:\UOW\SEM3\msc-diss-7csef001w\scenarios\scenario_7\run_2\artefacts\prefetch\MICROSOFTEDGEUPDATESETUP_X86_-05FC0A7F.pf","11506"
"SHA256","932878A37933C96F4BBB465F7F54584173C1B18B64AF8E41394477E188923E99","D:\UOW\SEM3\msc-diss-7csef001w\scenarios\scenario_7\run_2\artefacts\prefetch\MICROSOFTEDGEUPDATESETUP_X86_-2C61688C.pf","11263"
"SHA256","1D6BC38AE26E6E022ACA214B043497351513D41F995081B0CA2199670D6C743F","D:\UOW\SEM3\msc-diss-7csef001w\scenarios\scenario_7\run_2\artefacts\prefetch\MICROSOFTEDGEUPDATESETUP_X86_-600FA732.pf","10679"
"SHA256","4F52D9C501CCC89D5BAA5A200AA9440625AEAAB05A5960A55AE2EE040CF9E65C","D:\UOW\SEM3\msc-diss-7csef001w\scenarios\scenario_7\run_2\artefacts\prefetch\MICROSOFTEDGEUPDATESETUP_X86_-86BF8FAF.pf","11381"
"SHA256","49EEA97933F8BE324A26B79B3B94B828E39A3D06B5E83A691B988E48FB28D5DB","D:\UOW\SEM3\msc-diss-7csef001w\scenarios\scenario_7\run_2\artefacts\prefetch\MICROSOFTEDGE_X64_150.0.4078.-27F27894.pf","11532"
"SHA256","003635B0A47084ECDCC769DA1F3BCA6B1674EA0403052C2442148E9522F79DA4","D:\UOW\SEM3\msc-diss-7csef001w\scenarios\scenario_7\run_2\artefacts\prefetch\MICROSOFTEDGE_X64_150.0.4078.-8538F89C.pf","11512"
"SHA256","12D9F479449305B999FEDF2E9E4D283263D7B1AD328E970E1F5085C55ECB7D53","D:\UOW\SEM3\msc-diss-7csef001w\scenarios\scenario_7\run_2\artefacts\prefetch\MICROSOFTEDGE_X64_151.0.4129.-2B9767EC.pf","11390"
"SHA256","3EDE89CD67D93DB7F27C737E850210857D5D6B67F194E16F346B9C69F33F0DA5","D:\UOW\SEM3\msc-diss-7csef001w\scenarios\scenario_7\run_2\artefacts\prefetch\MICROSOFTEDGE_X64_151.0.4129.-37A435BE.pf","11402"
"SHA256","8EB1842A5734A63164AC152CD012F9C69A8D6E84291A387B504E587B7CA5A9BA","D:\UOW\SEM3\msc-diss-7csef001w\scenarios\scenario_7\run_2\artefacts\prefetch\MICROSOFTEDGE_X64_151.0.4129.-3AA12C42.pf","11556"
"SHA256","BD5DB3FD5E2D2F980B26B3DA42B0CBF29F76D1D4CB784E8AB062A7DB5FBB4E87","D:\UOW\SEM3\msc-diss-7csef001w\scenarios\scenario_7\run_2\artefacts\prefetch\MICROSOFTEDGE_X64_151.0.4129.-C50F0A38.pf","11561"
"SHA256","C99861E0F2AE43688AD6A6EF7D00F84F7840B523267C2A63978000494B6C6EBB","D:\UOW\SEM3\msc-diss-7csef001w\scenarios\scenario_7\run_2\artefacts\prefetch\MMC.EXE-410C5F73.pf","34302"
"SHA256","0DC6053FBBC93559D77D21A5D1C15110036B4F9B91C3A2834E67DCD437E8D107","D:\UOW\SEM3\msc-diss-7csef001w\scenarios\scenario_7\run_2\artefacts\prefetch\MOBSYNC.EXE-B307E1CC.pf","11101"
"SHA256","20CE8FA224ECED014A01CA81D7BDFC9042CAFB5809F8D04CF994E52933CAF89D","D:\UOW\SEM3\msc-diss-7csef001w\scenarios\scenario_7\run_2\artefacts\prefetch\MOFCOMP.EXE-5225C32D.pf","8863"
"SHA256","CB39BF3841BF23274305E3A773AFACDB36D5394BE2FA90CDEE94B0AD59BE9205","D:\UOW\SEM3\msc-diss-7csef001w\scenarios\scenario_7\run_2\artefacts\prefetch\MONOTIFICATIONUX.EXE-23180524.pf","9358"
"SHA256","AA2DA2533B9EA0E68C54F64EBE43F2EC6EC7449AE22962F2081E3832F3F48017","D:\UOW\SEM3\msc-diss-7csef001w\scenarios\scenario_7\run_2\artefacts\prefetch\MONOTIFICATIONUX.EXE-62024999.pf","11104"
"SHA256","0D0C01020EE059DA06DB634F3094A07675C1A90B412E207DCF96A7A849863C99","D:\UOW\SEM3\msc-diss-7csef001w\scenarios\scenario_7\run_2\artefacts\prefetch\MOUSOCOREWORKER.EXE-3EF8346A.pf","26810"
"SHA256","F8947D43C0CEE62242F91F66041A41C9E5B459D70188763A4A01DA2976BA6F7E","D:\UOW\SEM3\msc-diss-7csef001w\scenarios\scenario_7\run_2\artefacts\prefetch\MOUSOCOREWORKER.EXE-44A01CE7.pf","33960"
"SHA256","6C088052C6922865E9C4646C6B5C3715D3B6F6CA4940A854FFA76B2B5823D5A0","D:\UOW\SEM3\msc-diss-7csef001w\scenarios\scenario_7\run_2\artefacts\prefetch\MPAM-D_BD_1.455.131.0.EXE-3A9BB306.pf","3621"
"SHA256","F016EB0680E6402688AA3BA7FA95207D4A000CBA5B466FF59B810C5B7C169D3C","D:\UOW\SEM3\msc-diss-7csef001w\scenarios\scenario_7\run_2\artefacts\prefetch\MPCMDRUN.EXE-2C9109F9.pf","10690"
"SHA256","4FDF3386A49007B1ACCD44E995F541157F5B0D8ABA2F718BD00FDCA7899E7ED7","D:\UOW\SEM3\msc-diss-7csef001w\scenarios\scenario_7\run_2\artefacts\prefetch\MPCMDRUN.EXE-53D6BCA3.pf","11414"
"SHA256","9F030B1735D3AF3FC4811484D32CA4ED1DCA793C8C0A1A871CAF422376B64822","D:\UOW\SEM3\msc-diss-7csef001w\scenarios\scenario_7\run_2\artefacts\prefetch\MPCMDRUN.EXE-D97D4C20.pf","10906"
"SHA256","CCF7BB6F14715CDB633D3461713A179E1E487AD3534CEC252608B3AA0588C8EC","D:\UOW\SEM3\msc-diss-7csef001w\scenarios\scenario_7\run_2\artefacts\prefetch\MPDEFENDERCORESERVICE.EXE-066E134E.pf","14498"
"SHA256","08446F9600B8266D8EFE2B87D608807498F3CC771CADB936773495DE1AB2F62B","D:\UOW\SEM3\msc-diss-7csef001w\scenarios\scenario_7\run_2\artefacts\prefetch\MPDEFENDERCORESERVICE.EXE-EFA342B9.pf","14806"
"SHA256","04526F285D686F3BF0454A9CC351A1CCCC2A651495FE3DF91D9A54FEA711DFD4","D:\UOW\SEM3\msc-diss-7csef001w\scenarios\scenario_7\run_2\artefacts\prefetch\MPRECOVERY.EXE-0EE3DE78.pf","2242"
"SHA256","C402C95857987403A6AC2F76C35700EC8BAC241BEC1CA1104578653D64DB8001","D:\UOW\SEM3\msc-diss-7csef001w\scenarios\scenario_7\run_2\artefacts\prefetch\MPRECOVERY.EXE-F2041713.pf","2194"
"SHA256","88C008956B1CFAE5DF985918C547BA5D07026D9CEDC62AF06DF69362FF1C48D2","D:\UOW\SEM3\msc-diss-7csef001w\scenarios\scenario_7\run_2\artefacts\prefetch\MPSIGSTUB.EXE-0D70515F.pf","39647"
"SHA256","53FEA5FED99775B4A05C1B67FB4E36AC29C0A9D1B7D52214417BBD64B5621A75","D:\UOW\SEM3\msc-diss-7csef001w\scenarios\scenario_7\run_2\artefacts\prefetch\MPSIGSTUB.EXE-12C529AD.pf","40428"
"SHA256","41D1326FD8E1CE30EF106E8091CA6BEB8218B5015CA73F2D6AC308CC00F23178","D:\UOW\SEM3\msc-diss-7csef001w\scenarios\scenario_7\run_2\artefacts\prefetch\MPSIGSTUB.EXE-16581E9A.pf","39636"
"SHA256","DE099D20A901D35373FB0889C7869D6497AACB1D71085F119E68BDC447165F44","D:\UOW\SEM3\msc-diss-7csef001w\scenarios\scenario_7\run_2\artefacts\prefetch\MPSIGSTUB.EXE-5D0450B3.pf","146157"
"SHA256","4329218745EF428E88EFDFAFAB92D823F1312D32F6B4415E06A60D8E9E8A86A8","D:\UOW\SEM3\msc-diss-7csef001w\scenarios\scenario_7\run_2\artefacts\prefetch\MPSIGSTUB.EXE-E6B2483B.pf","3182"
"SHA256","FBA753C34911B2BBAF392F33D5A76C268A08A76BCE5B45C3AFC9579AE2968365","D:\UOW\SEM3\msc-diss-7csef001w\scenarios\scenario_7\run_2\artefacts\prefetch\MRT.EXE-46668014.pf","19063"
"SHA256","E55D2ED1E274A232F9C62778A2874F1FE770C7C8839EE73CFDC4E98D70BBAE5C","D:\UOW\SEM3\msc-diss-7csef001w\scenarios\scenario_7\run_2\artefacts\prefetch\MSCORSVW.EXE-16B291C4.pf","30212"
"SHA256","1CFD9A7F0A6FBA671F207CC2B67EE54499BBA7A799465DE85EC8395D1E150E92","D:\UOW\SEM3\msc-diss-7csef001w\scenarios\scenario_7\run_2\artefacts\prefetch\MSCORSVW.EXE-8CE1A322.pf","28537"
"SHA256","531DE44FB461A338E2DA256F7E7A55B4C3640360D2DF39A3ADE5C3EDDE55C546","D:\UOW\SEM3\msc-diss-7csef001w\scenarios\scenario_7\run_2\artefacts\prefetch\MSEDGE.EXE-37D25F9A.pf","119037"
"SHA256","683734F543DE772E29C9B7AB743C661AD8F4244C3552D57AB3BF67A6FCE2C4AE","D:\UOW\SEM3\msc-diss-7csef001w\scenarios\scenario_7\run_2\artefacts\prefetch\MSEDGE.EXE-37D25F9B.pf","62946"
"SHA256","83D788BE5954BE2AE153FFB4C1881085DEE7A229BE6FCBAF87FB4E164C36DE95","D:\UOW\SEM3\msc-diss-7csef001w\scenarios\scenario_7\run_2\artefacts\prefetch\MSEDGE.EXE-37D25F9C.pf","30061"
"SHA256","3329555D6884DF10E6DC5616C5E0A6737535DB6D009B42C6A503FB1E025934F3","D:\UOW\SEM3\msc-diss-7csef001w\scenarios\scenario_7\run_2\artefacts\prefetch\MSEDGE.EXE-37D25F9E.pf","6529"
"SHA256","1C20CCFC979615FBB22249CE689CBD4DA480AED02AA1D31AEBD4AD9D0B4B55D5","D:\UOW\SEM3\msc-diss-7csef001w\scenarios\scenario_7\run_2\artefacts\prefetch\MSEDGE.EXE-37D25FA3.pf","27941"
"SHA256","BCC7DCA5543F207A995B832CBA437A4DD10CA1D80032B9B5D30682257CAFDC54","D:\UOW\SEM3\msc-diss-7csef001w\scenarios\scenario_7\run_2\artefacts\prefetch\MSEDGE.EXE-37D25FA4.pf","27389"
"SHA256","437F162EC85F570F14E6BB6004A371B4C576FD05C6D532B516F58A7417BB3688","D:\UOW\SEM3\msc-diss-7csef001w\scenarios\scenario_7\run_2\artefacts\prefetch\MSEDGE.EXE-37D25FA5.pf","42143"
"SHA256","F96724FBFF5501D8E51513F6F681E995BA91D66699D46C4AD6A7D5E5DD88DBC3","D:\UOW\SEM3\msc-diss-7csef001w\scenarios\scenario_7\run_2\artefacts\prefetch\MSEDGE.EXE-37D25FA7.pf","14346"
"SHA256","62165FB4DACC823A5C89BBF96E76F5BA3DD2F858956E1B72ABD5E981B6F05AB2","D:\UOW\SEM3\msc-diss-7csef001w\scenarios\scenario_7\run_2\artefacts\prefetch\MSEDGE.EXE-37D25FA8.pf","27850"
"SHA256","2C86B0F5114BC8592BF45697FF30ED8F684DC99C932096C2D2C8E03119F47459","D:\UOW\SEM3\msc-diss-7csef001w\scenarios\scenario_7\run_2\artefacts\prefetch\MSEDGE.EXE-37D25FAA.pf","57554"
"SHA256","1EB1AC4686186BF77286A0E40D62FE60EE64D203EA80FBB787C29BDB89650B2F","D:\UOW\SEM3\msc-diss-7csef001w\scenarios\scenario_7\run_2\artefacts\prefetch\MSEDGEWEBVIEW2.EXE-0ABB0366.pf","51227"
"SHA256","4CB287168D4CF24EEEAA0780A8CC5F45A70542BEFE8C42AAD28BDB77AE492F8A","D:\UOW\SEM3\msc-diss-7csef001w\scenarios\scenario_7\run_2\artefacts\prefetch\MSEDGEWEBVIEW2.EXE-0ABB0367.pf","63130"
"SHA256","B7673C2AFEF6A8252DB3FDB8D95D104B8215EBB3862A48EFEA9A947716E2EF49","D:\UOW\SEM3\msc-diss-7csef001w\scenarios\scenario_7\run_2\artefacts\prefetch\MSEDGEWEBVIEW2.EXE-0ABB0368.pf","26233"
"SHA256","4C66F03820172A15F93ADFAF3DCD30BD2B65EBD32E318A9131E70F7A19A3B8C3","D:\UOW\SEM3\msc-diss-7csef001w\scenarios\scenario_7\run_2\artefacts\prefetch\MSEDGEWEBVIEW2.EXE-0ABB036A.pf","6128"
"SHA256","51E364C21BFF5203AA27C186E7C518CFD09A9A1C2018B25FE7ABA8BED71108FC","D:\UOW\SEM3\msc-diss-7csef001w\scenarios\scenario_7\run_2\artefacts\prefetch\MSEDGEWEBVIEW2.EXE-0ABB0370.pf","16348"
"SHA256","66311BF368DAB41026007B6ADEA4267ACE870FFADC7F2027EB80B05C3EB8A751","D:\UOW\SEM3\msc-diss-7csef001w\scenarios\scenario_7\run_2\artefacts\prefetch\MSEDGEWEBVIEW2.EXE-0ABB0371.pf","40897"
"SHA256","4651EBA8B192FE9C8487CD795A70DBAD113D088D06C21A71A3D4720DAD284770","D:\UOW\SEM3\msc-diss-7csef001w\scenarios\scenario_7\run_2\artefacts\prefetch\MSEDGEWEBVIEW2.EXE-0ABB0373.pf","17667"
"SHA256","CBCD25CFD5D9FBDE257DD4C76D4232D687E624D303802E5F0509CCB2BBE55EBA","D:\UOW\SEM3\msc-diss-7csef001w\scenarios\scenario_7\run_2\artefacts\prefetch\MSEDGEWEBVIEW2.EXE-0ABB0374.pf","16477"
"SHA256","EA67D6E96FBDE71245420380121B0334DF4E40671EE6B668E53078D6E0C0EA00","D:\UOW\SEM3\msc-diss-7csef001w\scenarios\scenario_7\run_2\artefacts\prefetch\MSEDGEWEBVIEW2.EXE-172DD7F1.pf","20732"
"SHA256","DA38F350D95A2AA23E7E8F4A99EA78AB6729AE3C825EA8D1C6F1AE4FA0662280","D:\UOW\SEM3\msc-diss-7csef001w\scenarios\scenario_7\run_2\artefacts\prefetch\MSEDGEWEBVIEW2.EXE-1FED5E1E.pf","23328"
"SHA256","D2F98F7038643543447910D79DF1D8130376D4EBD1BF0125A1A1E89E0FC2F53A","D:\UOW\SEM3\msc-diss-7csef001w\scenarios\scenario_7\run_2\artefacts\prefetch\MSEDGEWEBVIEW2.EXE-1FED5E28.pf","17935"
"SHA256","266C9C9BCF01113B30FC7CDA080BBD32449D3BCCB97D44CAFAE519D4F2FF6AD6","D:\UOW\SEM3\msc-diss-7csef001w\scenarios\scenario_7\run_2\artefacts\prefetch\MSEDGEWEBVIEW2.EXE-226B385B.pf","23019"
"SHA256","BA14C9183101381D43DAC6F4A887F669C62AB0DB8F6201603FCD2C2CA701DE6C","D:\UOW\SEM3\msc-diss-7csef001w\scenarios\scenario_7\run_2\artefacts\prefetch\MSEDGEWEBVIEW2.EXE-226B3863.pf","17435"
"SHA256","8472D25ED6278F6441066A429EE700EF1D792574410DED546156C3BDF8FCE318","D:\UOW\SEM3\msc-diss-7csef001w\scenarios\scenario_7\run_2\artefacts\prefetch\MSEDGEWEBVIEW2.EXE-226B3864.pf","20347"
"SHA256","615A65D7124C7FDA45B9B77F588AA366292F3160C46E7135AF6F840773285F5A","D:\UOW\SEM3\msc-diss-7csef001w\scenarios\scenario_7\run_2\artefacts\prefetch\MSEDGEWEBVIEW2.EXE-226B3867.pf","17411"
"SHA256","59FAA862681BBD86C22B6EC134A82C825D4C0191A0B8EA2F7B7AA42C40E49022","D:\UOW\SEM3\msc-diss-7csef001w\scenarios\scenario_7\run_2\artefacts\prefetch\MSEDGEWEBVIEW2.EXE-35087E8B.pf","50629"
"SHA256","BC3D5905D70B1F5F1341E225851143A49422848A8443714533CE2B86D9C9C76C","D:\UOW\SEM3\msc-diss-7csef001w\scenarios\scenario_7\run_2\artefacts\prefetch\MSEDGEWEBVIEW2.EXE-35087E8C.pf","33138"
"SHA256","8E18F0AB3BCF8136F335844EF2D9E9DD50A848C78775918ABE91B08D99FF29B5","D:\UOW\SEM3\msc-diss-7csef001w\scenarios\scenario_7\run_2\artefacts\prefetch\MSEDGEWEBVIEW2.EXE-35087E8D.pf","13709"
"SHA256","671811FCCBD9F8B6098647D52B0B84299687ECA14A772973A7650CB795DE68A4","D:\UOW\SEM3\msc-diss-7csef001w\scenarios\scenario_7\run_2\artefacts\prefetch\MSEDGEWEBVIEW2.EXE-35087E8F.pf","4325"
"SHA256","0EF271DAB8A354444D7B6DCE03135D89C7C177A0DF86E62D662ABE142772A43E","D:\UOW\SEM3\msc-diss-7csef001w\scenarios\scenario_7\run_2\artefacts\prefetch\MSEDGEWEBVIEW2.EXE-35087E96.pf","21778"
"SHA256","61794185AE6D5CCEB7CD59F16C7A20AB781E774D64C3B67B0BFAE2199624D13E","D:\UOW\SEM3\msc-diss-7csef001w\scenarios\scenario_7\run_2\artefacts\prefetch\MSEDGEWEBVIEW2.EXE-35087E98.pf","9114"
"SHA256","396BBF8D7A63B6AB8607C624B15CFE8814C235137291DC00C2EA367CC31B2201","D:\UOW\SEM3\msc-diss-7csef001w\scenarios\scenario_7\run_2\artefacts\prefetch\MSEDGEWEBVIEW2.EXE-4CB30793.pf","32493"
"SHA256","7EF520B30E1CDD80B1B54062153B228FC25539A7ED8B2AE327AFF970818DFD9A","D:\UOW\SEM3\msc-diss-7csef001w\scenarios\scenario_7\run_2\artefacts\prefetch\MSEDGEWEBVIEW2.EXE-4CB30794.pf","14909"
"SHA256","D424CD80C09CD117CEB8803771091B5A766FA5F6906A261BDD8032C776106A41","D:\UOW\SEM3\msc-diss-7csef001w\scenarios\scenario_7\run_2\artefacts\prefetch\MSEDGEWEBVIEW2.EXE-4CB30796.pf","4860"
"SHA256","CDD97B669819A1C8FA2E337BE02824101C635272BE1E3D68FEEC61F7C8A1CDF9","D:\UOW\SEM3\msc-diss-7csef001w\scenarios\scenario_7\run_2\artefacts\prefetch\MSEDGEWEBVIEW2.EXE-4CB3079D.pf","25561"
"SHA256","5387BFDFFD27C73CBDA138FD15B5B1D5FF0A1119E1BFF56FF73C11A65F70766E","D:\UOW\SEM3\msc-diss-7csef001w\scenarios\scenario_7\run_2\artefacts\prefetch\MSEDGEWEBVIEW2.EXE-4CB3079F.pf","9432"
"SHA256","11AA8534AA062F2CFD5898E146D1CFE6F01786028AD928E5480A4E76CFFC5D6A","D:\UOW\SEM3\msc-diss-7csef001w\scenarios\scenario_7\run_2\artefacts\prefetch\MSEDGEWEBVIEW2.EXE-4CB8B388.pf","13439"
"SHA256","1F353D5F2B4D84BE3E528EC41DEC28869851D83A17739656AF4D1467E788B114","D:\UOW\SEM3\msc-diss-7csef001w\scenarios\scenario_7\run_2\artefacts\prefetch\MSEDGEWEBVIEW2.EXE-4CB8B389.pf","20076"
"SHA256","C7EF5241D4A2D316472C7AC46C888E6B8E0692D460E7235A0D03DFE984AE13D5","D:\UOW\SEM3\msc-diss-7csef001w\scenarios\scenario_7\run_2\artefacts\prefetch\MSEDGEWEBVIEW2.EXE-4CB8B38C.pf","9122"
"SHA256","E5625D7F4FEF6E7DE78DFD07984514FE823635C1B029478B8D80FEE2685AD5E6","D:\UOW\SEM3\msc-diss-7csef001w\scenarios\scenario_7\run_2\artefacts\prefetch\MSEDGEWEBVIEW2.EXE-DF78B31A.pf","925"
"SHA256","E076063CAE46D16D64D808908555481D5542F7DA8477264702C443929039A3EF","D:\UOW\SEM3\msc-diss-7csef001w\scenarios\scenario_7\run_2\artefacts\prefetch\MSEDGEWEBVIEW2.EXE-DF78B31B.pf","14772"
"SHA256","DB5D7F2663A25FF255475AD84076EAAA75B314E5A250761F9C089D73BECB9AF4","D:\UOW\SEM3\msc-diss-7csef001w\scenarios\scenario_7\run_2\artefacts\prefetch\MSEDGEWEBVIEW2.EXE-DF78B323.pf","24941"
"SHA256","736012371CB8B5DE6E1C5F8C8B49EB3F0B56FA58B4F8E7230FDD49B5E7013F3C","D:\UOW\SEM3\msc-diss-7csef001w\scenarios\scenario_7\run_2\artefacts\prefetch\MSEDGEWEBVIEW2.EXE-DF78B324.pf","16730"
"SHA256","41B3AA1E3F33EB8EFB59D216A065F908FFE05A1586231244E4EB031AC0028B8D","D:\UOW\SEM3\msc-diss-7csef001w\scenarios\scenario_7\run_2\artefacts\prefetch\MSEDGEWEBVIEW2.EXE-DF78B326.pf","8474"
"SHA256","17CD7FBE00819BDE2E99FBF8EF72BEA31711D6E0DDA3F1A2B5C01D9C995B0FA2","D:\UOW\SEM3\msc-diss-7csef001w\scenarios\scenario_7\run_2\artefacts\prefetch\MSEDGEWEBVIEW2.EXE-DF78B327.pf","14257"
"SHA256","D39D62FEF3BC307650D7902291242B67C0706C9399841EA89A209EC206C1A682","D:\UOW\SEM3\msc-diss-7csef001w\scenarios\scenario_7\run_2\artefacts\prefetch\MSEDGEWEBVIEW2.EXE-E34645C7.pf","57839"
"SHA256","1FEB8248705C2FA330F553BC0E0019C41469847EAA3658558229EDDB823411F9","D:\UOW\SEM3\msc-diss-7csef001w\scenarios\scenario_7\run_2\artefacts\prefetch\MSEDGEWEBVIEW2.EXE-E34645C9.pf","14079"
"SHA256","CC6DC6E5D2CE818629DCE871DE336055CE9C8E3E6C2F5385C747CB61462F9B47","D:\UOW\SEM3\msc-diss-7csef001w\scenarios\scenario_7\run_2\artefacts\prefetch\MSEDGEWEBVIEW2.EXE-E34645CB.pf","4533"
"SHA256","87266FE9887D60E9D775CE59A39068309488B71A33312E191E62D88A91C2AC66","D:\UOW\SEM3\msc-diss-7csef001w\scenarios\scenario_7\run_2\artefacts\prefetch\MSEDGEWEBVIEW2.EXE-E34645D1.pf","13693"
"SHA256","BE15A30238B8F07F8D5FC18B221BB49D7239FA0A05FEE7C99267CAFAC1AE2B7C","D:\UOW\SEM3\msc-diss-7csef001w\scenarios\scenario_7\run_2\artefacts\prefetch\MSEDGEWEBVIEW2.EXE-E34645D2.pf","22116"
"SHA256","02326DF706036BD1C19C77D8873785771E4C08A97638470DEB703F5ED45873E4","D:\UOW\SEM3\msc-diss-7csef001w\scenarios\scenario_7\run_2\artefacts\prefetch\MSEDGEWEBVIEW2.EXE-E34645D5.pf","9703"
"SHA256","C230DD02C03D73D4B484B3F920CD683493BFBDB6FC0C81B25916C48F1ACB7121","D:\UOW\SEM3\msc-diss-7csef001w\scenarios\scenario_7\run_2\artefacts\prefetch\MSIEB6E.TMP-6F471F13.pf","3453"
"SHA256","CDD31D860D7BDFC9BC975310C71B9D0C20B9D17582A2262A9E68987A99D054B1","D:\UOW\SEM3\msc-diss-7csef001w\scenarios\scenario_7\run_2\artefacts\prefetch\MSIEXEC.EXE-8FFB1633.pf","69055"
"SHA256","7DE622F21F899C055307164373017D21AE403BE3C17F9B10967C02D1085B00C5","D:\UOW\SEM3\msc-diss-7csef001w\scenarios\scenario_7\run_2\artefacts\prefetch\MSIEXEC.EXE-CDBFC0F7.pf","13405"
"SHA256","2C41ABEA9B154077807203571D644F4AE62A33F0105BEBD9831755A029E551BD","D:\UOW\SEM3\msc-diss-7csef001w\scenarios\scenario_7\run_2\artefacts\prefetch\MSMPENG.EXE-21B1E0B5.pf","36383"
"SHA256","B6CBC228F7C32000664DB7922F93518A515BC78434A4C3CB3AB4C09E3F81F2E6","D:\UOW\SEM3\msc-diss-7csef001w\scenarios\scenario_7\run_2\artefacts\prefetch\MSMPENG.EXE-558DCD36.pf","24587"
"SHA256","FF45FF256ADD7ACFF395AF7653945E4927FCAFF101F1293348580237ECADCCFB","D:\UOW\SEM3\msc-diss-7csef001w\scenarios\scenario_7\run_2\artefacts\prefetch\MSMPENG.EXE-57141DF0.pf","7500"
"SHA256","111104B5E039B0B3017600E238165B3F7163001DC6CD2E5260E34431548204B3","D:\UOW\SEM3\msc-diss-7csef001w\scenarios\scenario_7\run_2\artefacts\prefetch\NGEN.EXE-4A8DA13E.pf","7781"
"SHA256","3DEDE52721091BE8F0E5551708EEA125B9BA6BF87FB4B5887627C86C0C26D6B9","D:\UOW\SEM3\msc-diss-7csef001w\scenarios\scenario_7\run_2\artefacts\prefetch\NGEN.EXE-734C6620.pf","10120"
"SHA256","DEE09DBAC940894D1A942A8D922A28677AB64CE190ADEB6D7E52123224EAF13C","D:\UOW\SEM3\msc-diss-7csef001w\scenarios\scenario_7\run_2\artefacts\prefetch\NGENTASK.EXE-0E6CEC17.pf","20576"
"SHA256","FCF4E8A55E8A2BC5D82FD2C5F98846B027033DAB5CFB87BAF0C1DA1E7F3EFFF4","D:\UOW\SEM3\msc-diss-7csef001w\scenarios\scenario_7\run_2\artefacts\prefetch\NGENTASK.EXE-849BFD75.pf","22769"
"SHA256","ACDBF88A7D26594B90F9741254F628E31AE030000AC7BEC39E06391D1F901DFA","D:\UOW\SEM3\msc-diss-7csef001w\scenarios\scenario_7\run_2\artefacts\prefetch\NISSRV.EXE-36A5B16E.pf","6149"
"SHA256","4E97886686072392886081C666964074D9EADAB8EB9A68121E890CF68AB5C76F","D:\UOW\SEM3\msc-diss-7csef001w\scenarios\scenario_7\run_2\artefacts\prefetch\NISSRV.EXE-CEA330BB.pf","6110"
"SHA256","1A26961A981F47E1197053CC19B06F803BF41B05CDA6A3085B8E4F3C0DC3AF1C","D:\UOW\SEM3\msc-diss-7csef001w\scenarios\scenario_7\run_2\artefacts\prefetch\NOTEPAD++.EXE-3F73AA45.pf","24243"
"SHA256","B37E3F204B8DF0B1AADF8D60A6C4938E662CB4F314D233E7B483D13FE12BAA75","D:\UOW\SEM3\msc-diss-7csef001w\scenarios\scenario_7\run_2\artefacts\prefetch\NOTEPAD.EXE-BD30ED59.pf","42732"
"SHA256","AD0F38D828EE708B1D3944E44EB59D880A04F4DA231B6DBD254DF1DC0BBE1B5C","D:\UOW\SEM3\msc-diss-7csef001w\scenarios\scenario_7\run_2\artefacts\prefetch\NOTEPAD.EXE-DDF178E9.pf","47815"
"SHA256","2DD258E848D1EE9A34F2270C528208792472E6A41325D8D183CA579783B47F7E","D:\UOW\SEM3\msc-diss-7csef001w\scenarios\scenario_7\run_2\artefacts\prefetch\NPP.8.9.6.2.INSTALLER.X64.EXE-8F84A84E.pf","15958"
"SHA256","B20D68263F2883CF4422D50BE6F2DB67645E375B87E4F4412B0AEB69396B31DB","D:\UOW\SEM3\msc-diss-7csef001w\scenarios\scenario_7\run_2\artefacts\prefetch\OLKFULLTRUSTEXECUTOR.EXE-6CEE7F9F.pf","3715"
"SHA256","79CD5EEF4FCEB8C47A1E7777006FF48CFF28002E964BCF98CDC7A106D4C9C142","D:\UOW\SEM3\msc-diss-7csef001w\scenarios\scenario_7\run_2\artefacts\prefetch\ONEDRIVE.EXE-D76FABD0.pf","238711"
"SHA256","D71944FDBA173597E25B8B3AF638C58380C4B6F0E267F107DAF68DA4558E25D2","D:\UOW\SEM3\msc-diss-7csef001w\scenarios\scenario_7\run_2\artefacts\prefetch\ONEDRIVE.SYNC.SERVICE.EXE-7389B2F0.pf","54403"
"SHA256","9A011D713354FC8B24AF183B58876A022D30F7AC149B31283F2FE1F69557232A","D:\UOW\SEM3\msc-diss-7csef001w\scenarios\scenario_7\run_2\artefacts\prefetch\ONEDRIVE.SYNC.SERVICE.EXE-C709AD1C.pf","54218"
"SHA256","2E02FFB5F4DCF4F3607C94AD080CB72752280D2B736052C1659ABCBE0E26F85C","D:\UOW\SEM3\msc-diss-7csef001w\scenarios\scenario_7\run_2\artefacts\prefetch\ONEDRIVE.SYNC.SERVICE.EXE-CA481341.pf","49573"
"SHA256","AD9427ED34D2B67F29F2D7C827723CBA3FE5E8ABF7D888318AC6647D03602735","D:\UOW\SEM3\msc-diss-7csef001w\scenarios\scenario_7\run_2\artefacts\prefetch\ONEDRIVE.SYNC.SERVICE.EXE-E6D73D4B.pf","54799"
"SHA256","7B8221017E2474CDE70995568C4E967A7BDAFD0D4A9CD96F5EA000A5B44C9650","D:\UOW\SEM3\msc-diss-7csef001w\scenarios\scenario_7\run_2\artefacts\prefetch\ONEDRIVE.SYNC.SERVICE.EXE-F2B6B1A1.pf","55017"
"SHA256","C29DED5C5697ABA02C11AACA01134A9FFCC703CD59429D6DD26788E7F26AB128","D:\UOW\SEM3\msc-diss-7csef001w\scenarios\scenario_7\run_2\artefacts\prefetch\ONEDRIVESETUP.EXE-2F4C4906.pf","39419"
"SHA256","4BCF8345DDA9C3F65D35A42BF80C3A89A40F1291F7BBF0D52B182C5AC949EAF6","D:\UOW\SEM3\msc-diss-7csef001w\scenarios\scenario_7\run_2\artefacts\prefetch\ONEDRIVESETUP.EXE-E5884418.pf","38136"
"SHA256","5C3A1B2D7270D8F7DA21EF8765C1C3530BDAED3E8888C6CF95FC052CC0F34C57","D:\UOW\SEM3\msc-diss-7csef001w\scenarios\scenario_7\run_2\artefacts\prefetch\OPENCONSOLE.EXE-5C87B3C6.pf","10637"
"SHA256","913CE3E234CEB27ADE29C8F516A6483A338B4752C897F9F4B628BBE9CA17FBCE","D:\UOW\SEM3\msc-diss-7csef001w\scenarios\scenario_7\run_2\artefacts\prefetch\OPENWITH.EXE-8B50D58B.pf","42130"
"SHA256","A7DC467897A978E2F775F46E208112C4133773D67E729B004B6B6FDF3591D9AC","D:\UOW\SEM3\msc-diss-7csef001w\scenarios\scenario_7\run_2\artefacts\prefetch\PfPre_893c9e32.mkd","196620"
"SHA256","628DA888E2E4DCD6F0FF6990EA91B9FED811C55CD3A05D466FAA89D7821C831E","D:\UOW\SEM3\msc-diss-7csef001w\scenarios\scenario_7\run_2\artefacts\prefetch\PfPre_893d640f.mkd","196620"
"SHA256","6187437647CC2588780AFDE83CA29639984C7480BAF54CDA7DA52E3B8750CB2B","D:\UOW\SEM3\msc-diss-7csef001w\scenarios\scenario_7\run_2\artefacts\prefetch\PfSvPerfStats.bin","1744"
"SHA256","AD6DA5B354551F43999987C33014A4E39BBDE84CFF9697D6A30C6D2A949DC125","D:\UOW\SEM3\msc-diss-7csef001w\scenarios\scenario_7\run_2\artefacts\prefetch\POWERCFG.EXE-954C9186.pf","2567"
"SHA256","287131ED88C10D8B5346ADF2ADB1CC9A1E3778C7CB45DBD7EC3D40E4C132B93F","D:\UOW\SEM3\msc-diss-7csef001w\scenarios\scenario_7\run_2\artefacts\prefetch\POWERSHELL.EXE-AE8EDC9B.pf","34685"
"SHA256","7A80EE58D9A720FB522DEB6EDB426BBBE30D09E007BE0E08DC196F82DA7E786E","D:\UOW\SEM3\msc-diss-7csef001w\scenarios\scenario_7\run_2\artefacts\prefetch\POWERSHELL.EXE-CA1AE517.pf","56514"
"SHA256","CBFB07F4E662F1A94B00D25DD458A786F6A8719E185916BB4EBEF54030AFD813","D:\UOW\SEM3\msc-diss-7csef001w\scenarios\scenario_7\run_2\artefacts\prefetch\RAREXTINSTALLER.EXE-E36B143E.pf","14886"
"SHA256","B48B615BD23EB069CC2C683C58FE42F2F96624AECA8B459A6A8BF87831F029A1","D:\UOW\SEM3\msc-diss-7csef001w\scenarios\scenario_7\run_2\artefacts\prefetch\READER_EN_R9BVLF8K_INSTALL.EX-FFF35C41.pf","48834"
"SHA256","15E7E33578A7F692D1DA9AE6012BB290515F1CD3BC180A7C90E265FE3167DE06","D:\UOW\SEM3\msc-diss-7csef001w\scenarios\scenario_7\run_2\artefacts\prefetch\REGSVR32.EXE-03D3FB87.pf","5740"
"SHA256","857E778370C51C31ED36CEA02A9557CC481EB10E7FE8B5B0056BE33430136FAC","D:\UOW\SEM3\msc-diss-7csef001w\scenarios\scenario_7\run_2\artefacts\prefetch\REGSVR32.EXE-B31EC963.pf","4739"
"SHA256","08E1E7F66B14F25269CE007B13F1F219005557059B499814C24CF5C1A83393BF","D:\UOW\SEM3\msc-diss-7csef001w\scenarios\scenario_7\run_2\artefacts\prefetch\ResPriStaticDb.ebd","20110"
"SHA256","FF376BA906BE723101E1DB330D51E5E3A3D6E92AF6FF02185231F29A484CBFD2","D:\UOW\SEM3\msc-diss-7csef001w\scenarios\scenario_7\run_2\artefacts\prefetch\RUNDLL32.EXE-27E52A2D.pf","6028"
"SHA256","9F179E581CC3AF72FFAB289595ECB856BFB87CB51EB5E4AE858B0F4F84AE83E1","D:\UOW\SEM3\msc-diss-7csef001w\scenarios\scenario_7\run_2\artefacts\prefetch\RUNDLL32.EXE-36D847E4.pf","3897"
"SHA256","C5F265F74E96C400D718D32B53460D895E5A24E90FCC2E3653612314FB7B389D","D:\UOW\SEM3\msc-diss-7csef001w\scenarios\scenario_7\run_2\artefacts\prefetch\RUNDLL32.EXE-6F26928C.pf","6046"
"SHA256","F4679817DDF64A70FEA9428E4232D35ED71E51A70B79D1157D404BB0A70C40FC","D:\UOW\SEM3\msc-diss-7csef001w\scenarios\scenario_7\run_2\artefacts\prefetch\RUNDLL32.EXE-75313621.pf","5868"
"SHA256","9AF37BA810E687F396AED3D310647FAE72F4C5F008B58C74A66F66C1A9EC9D22","D:\UOW\SEM3\msc-diss-7csef001w\scenarios\scenario_7\run_2\artefacts\prefetch\RUNDLL32.EXE-ABDD26A5.pf","6168"
"SHA256","A010764EA3666E6237C884F9EF06BB91D6DC34E2E2975CFFFE088FA289574889","D:\UOW\SEM3\msc-diss-7csef001w\scenarios\scenario_7\run_2\artefacts\prefetch\RUNDLL32.EXE-BE8830B6.pf","4131"
"SHA256","A2A8A29EB615EF06FC0D500DAB70E2EA938B3A8D80FFE512156866BD02A35E76","D:\UOW\SEM3\msc-diss-7csef001w\scenarios\scenario_7\run_2\artefacts\prefetch\RUNDLL32.EXE-C0159C27.pf","3823"
"SHA256","A897B0C7B53AE89210056EB1AFF4778749B0B3A65E92616510724DF5B79225FD","D:\UOW\SEM3\msc-diss-7csef001w\scenarios\scenario_7\run_2\artefacts\prefetch\RUNONCE.EXE-BD8A4C8F.pf","9101"
"SHA256","5F6A8644143449F504053750362E925855C2B6E1793E41FB53FCFA63AC5BC091","D:\UOW\SEM3\msc-diss-7csef001w\scenarios\scenario_7\run_2\artefacts\prefetch\RUNTIMEBROKER.EXE-0725D89A.pf","24521"
"SHA256","778C8C6F343A5E77E3854ACF068F619CB36961F255251715578FB798D167D334","D:\UOW\SEM3\msc-diss-7csef001w\scenarios\scenario_7\run_2\artefacts\prefetch\RUNTIMEBROKER.EXE-1C911A7E.pf","22330"
"SHA256","514EF837545CECC2CCC0DC802627E8A5FF4255C3AD19519D2D4CA4BF136FA8DA","D:\UOW\SEM3\msc-diss-7csef001w\scenarios\scenario_7\run_2\artefacts\prefetch\RUNTIMEBROKER.EXE-2C5A250C.pf","4679"
"SHA256","DDC2E0A533C26F650221EB1836A1D4BE590A0F9BBD6B1C89EE20140F23F8EBE8","D:\UOW\SEM3\msc-diss-7csef001w\scenarios\scenario_7\run_2\artefacts\prefetch\RUNTIMEBROKER.EXE-359F036E.pf","10393"
"SHA256","2AD9421DEA5B7671BD71C33947856020C88182E1EBBDCACEBA8D04F9CFC1BFA9","D:\UOW\SEM3\msc-diss-7csef001w\scenarios\scenario_7\run_2\artefacts\prefetch\RUNTIMEBROKER.EXE-3E0B5307.pf","6609"
"SHA256","94DF354BD7EDAB4F8BB447C2A8BC18A35CCFC82D72C70B005FE14F0FB23C216B","D:\UOW\SEM3\msc-diss-7csef001w\scenarios\scenario_7\run_2\artefacts\prefetch\RUNTIMEBROKER.EXE-4551A062.pf","21098"
"SHA256","976730B0E8793E536F41C0425F1D846D77D56B11B17413D7B6F49D9B47E605D2","D:\UOW\SEM3\msc-diss-7csef001w\scenarios\scenario_7\run_2\artefacts\prefetch\RUNTIMEBROKER.EXE-463D1322.pf","18144"
"SHA256","B65A61E8CA0B78B3F2AA1075CE8E564AFCD82808A7500D8E7AF262146CC31DC3","D:\UOW\SEM3\msc-diss-7csef001w\scenarios\scenario_7\run_2\artefacts\prefetch\RUNTIMEBROKER.EXE-4B570750.pf","25787"
"SHA256","447DEE1FF4DE6F4A2C6A6522CBF15CDDA80442D71321EB05D8F5F72282DEC6C4","D:\UOW\SEM3\msc-diss-7csef001w\scenarios\scenario_7\run_2\artefacts\prefetch\RUNTIMEBROKER.EXE-50503558.pf","8716"
"SHA256","7C668F5B77348D0F03D9F3A2986FB1B4AA1046957A8BCDAA9B5F129A19934235","D:\UOW\SEM3\msc-diss-7csef001w\scenarios\scenario_7\run_2\artefacts\prefetch\RUNTIMEBROKER.EXE-679BDFB7.pf","10228"
"SHA256","E8876543D9EBC2D94F80DDF29D8528012755E12176E6075F6B8A99C8C272273C","D:\UOW\SEM3\msc-diss-7csef001w\scenarios\scenario_7\run_2\artefacts\prefetch\RUNTIMEBROKER.EXE-734B97AA.pf","9062"
"SHA256","08346BD3AD67C612B4C1938324FF1C8DA0A15A575991FAD70F163F2D96D31CB7","D:\UOW\SEM3\msc-diss-7csef001w\scenarios\scenario_7\run_2\artefacts\prefetch\RUNTIMEBROKER.EXE-74648FC2.pf","22247"
"SHA256","8F9D435769C46A3568759FB8E3A85479AD4C62DDAE9422788ABCBB8696965F1D","D:\UOW\SEM3\msc-diss-7csef001w\scenarios\scenario_7\run_2\artefacts\prefetch\RUNTIMEBROKER.EXE-824A470C.pf","11159"
"SHA256","C38048A6130A1D2F9648BCEFAD5568F4EE38F59F5E0AEC96BA8D8B9705F17DB7","D:\UOW\SEM3\msc-diss-7csef001w\scenarios\scenario_7\run_2\artefacts\prefetch\RUNTIMEBROKER.EXE-8657B60D.pf","10609"
"SHA256","27D6835635261C26B086CC3E507A8590D237EA56A17247EDEF16C6E1D5F34669","D:\UOW\SEM3\msc-diss-7csef001w\scenarios\scenario_7\run_2\artefacts\prefetch\RUNTIMEBROKER.EXE-8E498C90.pf","36715"
"SHA256","D91157C2AB6896E9AB650D3D33FF83620F26E48592B7CF6EF6333360CCC84ACD","D:\UOW\SEM3\msc-diss-7csef001w\scenarios\scenario_7\run_2\artefacts\prefetch\RUNTIMEBROKER.EXE-94F69FEA.pf","6208"
"SHA256","108108C8F5752E1BB95B564ED8E7C5B54136DBE80FA860DFDB251CD41FF9169D","D:\UOW\SEM3\msc-diss-7csef001w\scenarios\scenario_7\run_2\artefacts\prefetch\RUNTIMEBROKER.EXE-9E81A438.pf","12659"
"SHA256","B92C214F827018F1335394048D87C1390896D515949A8A61346D80304CEE8F79","D:\UOW\SEM3\msc-diss-7csef001w\scenarios\scenario_7\run_2\artefacts\prefetch\RUNTIMEBROKER.EXE-A2AE195E.pf","7493"
"SHA256","C74DE64A70BD5163F52BF708E0F553E84C0F2BE789100C1511432426D0A29867","D:\UOW\SEM3\msc-diss-7csef001w\scenarios\scenario_7\run_2\artefacts\prefetch\RUNTIMEBROKER.EXE-ACF4B348.pf","6761"
"SHA256","6168D9F70F1A05CAEDE0F68D2CA13B7EB7B3E8C8160DCC3677B02A170EA2E6F8","D:\UOW\SEM3\msc-diss-7csef001w\scenarios\scenario_7\run_2\artefacts\prefetch\RUNTIMEBROKER.EXE-B2BB82C3.pf","27541"
"SHA256","A2315A7C2AF40859C84188DD569058EFB9C8EB4DE86EC87FCD6FFFC4E9DEB9B1","D:\UOW\SEM3\msc-diss-7csef001w\scenarios\scenario_7\run_2\artefacts\prefetch\RUNTIMEBROKER.EXE-B3420CE1.pf","13751"
"SHA256","687E86974B365F62F2E544697C9E5431973ADF9CEA725020BCB413E9A856C26F","D:\UOW\SEM3\msc-diss-7csef001w\scenarios\scenario_7\run_2\artefacts\prefetch\RUNTIMEBROKER.EXE-BD9F1C99.pf","16268"
"SHA256","7D8E6157619F8AF4B1E71E8129EAB31A3569A7C7FBD4CB3B1C5AB7B02DE7EB44","D:\UOW\SEM3\msc-diss-7csef001w\scenarios\scenario_7\run_2\artefacts\prefetch\RUNTIMEBROKER.EXE-C6B81CFE.pf","22720"
"SHA256","EFBC95D9BF66E4A836642566A19175422D2552655720EE0CC706C002C9A50CB3","D:\UOW\SEM3\msc-diss-7csef001w\scenarios\scenario_7\run_2\artefacts\prefetch\RUNTIMEBROKER.EXE-E6FD6E45.pf","15848"
"SHA256","D54A17BB04E419F8C02563A8CD4755791853ADA5315AEBB95DFA62DADCEB8A63","D:\UOW\SEM3\msc-diss-7csef001w\scenarios\scenario_7\run_2\artefacts\prefetch\RUNTIMEBROKER.EXE-F63AE499.pf","27452"
"SHA256","703A18D28BE88A3E91872AD31B51A939908A5E8D110186057E466FD61C184702","D:\UOW\SEM3\msc-diss-7csef001w\scenarios\scenario_7\run_2\artefacts\prefetch\SDBINST.EXE-49E8B208.pf","3670"
"SHA256","188E923EA4CF3590D878895408E91E7744D239BF1A0D6091DC320F8657436FFA","D:\UOW\SEM3\msc-diss-7csef001w\scenarios\scenario_7\run_2\artefacts\prefetch\SDIAGNHOST.EXE-B3171AA1.pf","47020"
"SHA256","E12C5E80F9F749679DD390626807C711261D7B74B50D45A14231796FA8337280","D:\UOW\SEM3\msc-diss-7csef001w\scenarios\scenario_7\run_2\artefacts\prefetch\SEARCHFILTERHOST.EXE-44162447.pf","6828"
"SHA256","4DBC5B934A7C721A6E85C3E06D36E25888DA01B92103E059C03100E9D86C8D56","D:\UOW\SEM3\msc-diss-7csef001w\scenarios\scenario_7\run_2\artefacts\prefetch\SEARCHHOST.EXE-219561B2.pf","59655"
"SHA256","777ED0778836BC45B79484FC5B9F7DC436B604BFC67CC832C5680514FC7029F9","D:\UOW\SEM3\msc-diss-7csef001w\scenarios\scenario_7\run_2\artefacts\prefetch\SEARCHHOST.EXE-6487E6F2.pf","64390"
"SHA256","D07AFF463CBE0F76BE0D249FF0CA5E78699F13A84A568374B1E278B72CB85A48","D:\UOW\SEM3\msc-diss-7csef001w\scenarios\scenario_7\run_2\artefacts\prefetch\SEARCHINDEXER.EXE-1CF42BC6.pf","11629"
"SHA256","FF13CECC282B03E6C777D799862B844030A75ED514FBFFB38F4FEEEFD0B27B71","D:\UOW\SEM3\msc-diss-7csef001w\scenarios\scenario_7\run_2\artefacts\prefetch\SEARCHPROTOCOLHOST.EXE-69C456C3.pf","4387"
"SHA256","112BFD7C1469608D8E87826A827DCF0F08708AFE7455CE1CB8E2CF41B3A1764C","D:\UOW\SEM3\msc-diss-7csef001w\scenarios\scenario_7\run_2\artefacts\prefetch\SECURITYHEALTHHOST.EXE-06344EE9.pf","9079"
"SHA256","485C36395B7BF031773272E88AC37D2D6BF4421BBB66B2924B34881FF3B75919","D:\UOW\SEM3\msc-diss-7csef001w\scenarios\scenario_7\run_2\artefacts\prefetch\SECURITYHEALTHHOST.EXE-114869E6.pf","13582"
"SHA256","0FBC12A5FE0CBFFE579505A4341AD019E00FB90FDE5DFECB462BD32C8B76A4D3","D:\UOW\SEM3\msc-diss-7csef001w\scenarios\scenario_7\run_2\artefacts\prefetch\SECURITYHEALTHHOST.EXE-5F9A48BB.pf","14441"
"SHA256","7CCBEAC5B4356D7FCD6E990ABE8B9F7CA53672C79118A60721E28EE8609DF6D1","D:\UOW\SEM3\msc-diss-7csef001w\scenarios\scenario_7\run_2\artefacts\prefetch\SECURITYHEALTHSERVICE.EXE-91B5FB98.pf","23235"
"SHA256","9797D5A7E15F73CCDBE47EB7C35D8A7234D58BABC91F167D7122E301DBF11857","D:\UOW\SEM3\msc-diss-7csef001w\scenarios\scenario_7\run_2\artefacts\prefetch\SECURITYHEALTHSETUP.EXE-554F8020.pf","12337"
"SHA256","4B9F0C76D7E9DECA0175716EB2F21B6047E35752F957F9BBE4017523A059D331","D:\UOW\SEM3\msc-diss-7csef001w\scenarios\scenario_7\run_2\artefacts\prefetch\SECURITYHEALTHSETUP.EXE-E57E89CA.pf","22854"
"SHA256","0B6E9E8627E9E8B028831BD9BBD9366A93DC24999BB8B9D5D5AFD4B0EBDCC240","D:\UOW\SEM3\msc-diss-7csef001w\scenarios\scenario_7\run_2\artefacts\prefetch\SECURITYHEALTHSYSTRAY.EXE-E527A4AE.pf","10940"
"SHA256","2A1C59C1076832D00759AF547AF46BFC55563AC5A6CBC42602CA5B02D3479702","D:\UOW\SEM3\msc-diss-7csef001w\scenarios\scenario_7\run_2\artefacts\prefetch\SETUP.EXE-00F0821F.pf","29561"
"SHA256","CCA0E616FBC96F580DA1CEF5ABE4926A8F20368FE45D7D7D9D09C13EAD684A29","D:\UOW\SEM3\msc-diss-7csef001w\scenarios\scenario_7\run_2\artefacts\prefetch\SETUP.EXE-00F08223.pf","4642"
"SHA256","9BF58BF9302F3F76BB5CC8CDC2156513CF5BA6F0BEC070685737EE1B65F7573B","D:\UOW\SEM3\msc-diss-7csef001w\scenarios\scenario_7\run_2\artefacts\prefetch\SETUP.EXE-104E171A.pf","8256"
"SHA256","D4EE7AAE4C1B2E278E3333A15C209C9F33F3ADD2BB291F87D7980DEB2B9ED95F","D:\UOW\SEM3\msc-diss-7csef001w\scenarios\scenario_7\run_2\artefacts\prefetch\SETUP.EXE-208AF6E5.pf","59064"
"SHA256","21D0AF7941D105A2CCC3F0BD984624C9AC377172ECEECB0BDEC1E7FE57E958A2","D:\UOW\SEM3\msc-diss-7csef001w\scenarios\scenario_7\run_2\artefacts\prefetch\SETUP.EXE-9A26F6C5.pf","9976"
"SHA256","719668BF8DCB8E65760360E9BFE1D779A5D5CBE2ACAE05360EC824FCE58FD345","D:\UOW\SEM3\msc-diss-7csef001w\scenarios\scenario_7\run_2\artefacts\prefetch\SETUP.EXE-B3DEB2A8.pf","30319"
"SHA256","56CEDAC4BDA313B2D7C15B65F88398C6B25599051AF5E89D435F57A1A983A1FA","D:\UOW\SEM3\msc-diss-7csef001w\scenarios\scenario_7\run_2\artefacts\prefetch\SETUP.EXE-B3DEB2AC.pf","5230"
"SHA256","9A8B127D90DEFA7B50D7CEAA910EDEBA818C4706D3E8FD32BA4258D4EACA45DA","D:\UOW\SEM3\msc-diss-7csef001w\scenarios\scenario_7\run_2\artefacts\prefetch\SETUP.EXE-F19BB198.pf","29641"
"SHA256","7B3B9E3A38A5D4434AE7C04326237B75C8B37CC3C10631B9815738CCC943213E","D:\UOW\SEM3\msc-diss-7csef001w\scenarios\scenario_7\run_2\artefacts\prefetch\SETUP64.EXE-6C6157AB.pf","45979"
"SHA256","F30D50D4E0FD289E5486B63CF502FD02E2E41BE0820865607CFF1214131075CD","D:\UOW\SEM3\msc-diss-7csef001w\scenarios\scenario_7\run_2\artefacts\prefetch\SHELLEXPERIENCEHOST.EXE-408EBC4F.pf","41220"
"SHA256","7249CF97ECF03C5DB3CE79B869FFB5C5E9E333780162FE64CED6C08F2A9BA880","D:\UOW\SEM3\msc-diss-7csef001w\scenarios\scenario_7\run_2\artefacts\prefetch\SHELLEXPERIENCEHOST.EXE-E14F1772.pf","39490"
"SHA256","995F5A6687457F254E54781FD292F54AC01CA4F2F5204941A5367A5E088D84F7","D:\UOW\SEM3\msc-diss-7csef001w\scenarios\scenario_7\run_2\artefacts\prefetch\SHOWAPPPICKERFORPDF.EXE-29859212.pf","9143"
"SHA256","12D672A6E0BD1BFF9F00F53E8A3CFD16DFDD67A656FE5C8BEE46476C98D9FA10","D:\UOW\SEM3\msc-diss-7csef001w\scenarios\scenario_7\run_2\artefacts\prefetch\SIHCLIENT.EXE-98C47F6C.pf","14022"
"SHA256","AF8E4C23AB516E1107047F238F02073774703CD1829C147C3407E4FDC550D0FA","D:\UOW\SEM3\msc-diss-7csef001w\scenarios\scenario_7\run_2\artefacts\prefetch\SINGLECLIENTSERVICESUPDATER.E-E9F25D12.pf","4162"
"SHA256","AFD45BC4B44D86777A011FA73949C36E2EAE2F11F97686F4B7B397B57481EAF2","D:\UOW\SEM3\msc-diss-7csef001w\scenarios\scenario_7\run_2\artefacts\prefetch\SLUI.EXE-3E441AEE.pf","7865"
"SHA256","F0F9F7E454EF4079C1024A55755B64BD97A53CC436408196D9DBDB2C39D7584E","D:\UOW\SEM3\msc-diss-7csef001w\scenarios\scenario_7\run_2\artefacts\prefetch\SMARTSCREEN.EXE-EACC1250.pf","6828"
"SHA256","1BD79BF3F4249FADB6A3F908116E2C713DDA494F60FB88233CF5E6FF211ED9FC","D:\UOW\SEM3\msc-diss-7csef001w\scenarios\scenario_7\run_2\artefacts\prefetch\SOFTLANDINGTASK.EXE-A93C9879.pf","23247"
"SHA256","64E79BCE5E3F89C7A2CFB6019485151624336C08FE53E17C1A6B96DB59ECBE84","D:\UOW\SEM3\msc-diss-7csef001w\scenarios\scenario_7\run_2\artefacts\prefetch\SPPEXTCOMOBJ.EXE-7D45A1AB.pf","8188"
"SHA256","B296DF3326889BF082E6B41DEE418B5A7A7D11F873AB8BEF8952AACFB150B9A9","D:\UOW\SEM3\msc-diss-7csef001w\scenarios\scenario_7\run_2\artefacts\prefetch\SPPSVC.EXE-96070FE0.pf","12654"
"SHA256","4DFB774CD94AD36A0C85265C479844960E6DD144BDE34A53D4F81DFB2A432AB5","D:\UOW\SEM3\msc-diss-7csef001w\scenarios\scenario_7\run_2\artefacts\prefetch\STARTMENUEXPERIENCEHOST.EXE-3A8E567A.pf","64652"
"SHA256","8D5EAFD59F5A568E9BDF064AFCA8E87562ED108B48298CCEA0C4C977066C6391","D:\UOW\SEM3\msc-diss-7csef001w\scenarios\scenario_7\run_2\artefacts\prefetch\STOREDESKTOPEXTENSION.EXE-8825CB35.pf","14466"
"SHA256","E88A4CD6948BB521C5F2756BC5B52CCFFF885D2FF996C8908B7B8CC1245C3F95","D:\UOW\SEM3\msc-diss-7csef001w\scenarios\scenario_7\run_2\artefacts\prefetch\STOREDESKTOPEXTENSION.EXE-911C1E74.pf","18214"
"SHA256","20F6125E348A9C0D5FC60377DD6DD0E6428DA985958BCBB4514EE8FA9B90D60E","D:\UOW\SEM3\msc-diss-7csef001w\scenarios\scenario_7\run_2\artefacts\prefetch\STOREDESKTOPEXTENSION.EXE-B3EC9917.pf","10420"
"SHA256","5330C0241120169C26AD71355AE8AA638F7BDBD33BD5C2ECEE2C2A7E7883C9B4","D:\UOW\SEM3\msc-diss-7csef001w\scenarios\scenario_7\run_2\artefacts\prefetch\STOREDESKTOPEXTENSION.EXE-BCE2EC56.pf","15551"
"SHA256","D6C49F962F8F09A244FC2C049BF7B54CB6A96BF0E337B31DD6E9456B39F19DFA","D:\UOW\SEM3\msc-diss-7csef001w\scenarios\scenario_7\run_2\artefacts\prefetch\SVCHOST.EXE-09F4AEA4.pf","13941"
"SHA256","4E7CF800E34986681B27A3A9809289D044A542604D33B7D940EB8671D18F6FBD","D:\UOW\SEM3\msc-diss-7csef001w\scenarios\scenario_7\run_2\artefacts\prefetch\SVCHOST.EXE-117C4441.pf","7110"
"SHA256","413E2A799270B9423A2909DF748B4E46011F8ADF0590431E6965230282A5F5D4","D:\UOW\SEM3\msc-diss-7csef001w\scenarios\scenario_7\run_2\artefacts\prefetch\SVCHOST.EXE-1454AA18.pf","2604"
"SHA256","FE9C514F6F60A6659A55B666EDBE97E1487629663C9A21E66BA60C2645BE43DB","D:\UOW\SEM3\msc-diss-7csef001w\scenarios\scenario_7\run_2\artefacts\prefetch\SVCHOST.EXE-19B557B1.pf","7584"
"SHA256","D29C1E41619DDAC8ABC6E26F3910E663E5D019590D1452E26BDAF0EAAD50C3D0","D:\UOW\SEM3\msc-diss-7csef001w\scenarios\scenario_7\run_2\artefacts\prefetch\SVCHOST.EXE-1B73F444.pf","4792"
"SHA256","A443DDA9189184CB38EEE841640E3D26D0E447DF29A316C532F75E9F6F0F0E20","D:\UOW\SEM3\msc-diss-7csef001w\scenarios\scenario_7\run_2\artefacts\prefetch\SVCHOST.EXE-26F10090.pf","4781"
"SHA256","2EF851B89E1C343B2E15E4D58BAF1DC14F2C31EDD8803B11EA10D6A62837D968","D:\UOW\SEM3\msc-diss-7csef001w\scenarios\scenario_7\run_2\artefacts\prefetch\SVCHOST.EXE-2A35E6EF.pf","6086"
"SHA256","C68A044400E3AF26ECB92C479C31A098CEB96E319AB88CBECC5EC219734EFA98","D:\UOW\SEM3\msc-diss-7csef001w\scenarios\scenario_7\run_2\artefacts\prefetch\SVCHOST.EXE-2C8D0E2C.pf","4030"
"SHA256","7C6319D2396B923332742AC60DF45E8A957BE9CCA98B174326F8EA0C65A10C06","D:\UOW\SEM3\msc-diss-7csef001w\scenarios\scenario_7\run_2\artefacts\prefetch\SVCHOST.EXE-2F9E5F3D.pf","11699"
"SHA256","F8FBFE7C38D9F181597218B9FD96D76C62F8404EFD99E4F8A035AE2928CF3723","D:\UOW\SEM3\msc-diss-7csef001w\scenarios\scenario_7\run_2\artefacts\prefetch\SVCHOST.EXE-31E42122.pf","4413"
"SHA256","970A8C99522F928C694B3B8CCD69F9D9DB93BFFB9B60858B064C16A23E9134B2","D:\UOW\SEM3\msc-diss-7csef001w\scenarios\scenario_7\run_2\artefacts\prefetch\SVCHOST.EXE-3CF81F86.pf","4562"
"SHA256","A981E17D2EDC1541399EB2098D05D91D21A9503D8AD4B234BC9070DD1EF94316","D:\UOW\SEM3\msc-diss-7csef001w\scenarios\scenario_7\run_2\artefacts\prefetch\SVCHOST.EXE-41084AF7.pf","5850"
"SHA256","4F91862D1D2A15C679A2157E104BC550ADAC916BB6839CADF3F81E44D0CD22EC","D:\UOW\SEM3\msc-diss-7csef001w\scenarios\scenario_7\run_2\artefacts\prefetch\SVCHOST.EXE-44191FB8.pf","3779"
"SHA256","01E8286B9C244CDE0E0C9EA45BBC4C8821D9FBA70229B8EF1448B10DBA975E91","D:\UOW\SEM3\msc-diss-7csef001w\scenarios\scenario_7\run_2\artefacts\prefetch\SVCHOST.EXE-4B98D760.pf","7130"
"SHA256","D1A02BDCCB82E84C233CC690FA4F66F9CA5EAFBA7EEE4144F36C7CB4D2BDBCA6","D:\UOW\SEM3\msc-diss-7csef001w\scenarios\scenario_7\run_2\artefacts\prefetch\SVCHOST.EXE-4BD0A607.pf","8767"
"SHA256","356A75B0E2DBF3C592EBC55811BECC00816565DE78C81D66799AFEB453947E1E","D:\UOW\SEM3\msc-diss-7csef001w\scenarios\scenario_7\run_2\artefacts\prefetch\SVCHOST.EXE-4D0E9C8C.pf","6615"
"SHA256","A6D73F0607404603C1E3E4F6B978AE1E9743A0CE2C56500A6D30B7E5A4C3360C","D:\UOW\SEM3\msc-diss-7csef001w\scenarios\scenario_7\run_2\artefacts\prefetch\SVCHOST.EXE-502A129B.pf","3685"
"SHA256","377B222E1852AABCA854590059D2557922EE8FAC592B027482A50E0C6496C818","D:\UOW\SEM3\msc-diss-7csef001w\scenarios\scenario_7\run_2\artefacts\prefetch\SVCHOST.EXE-529F9AC1.pf","5755"
"SHA256","CF5AB310C16FD9F84365854F5903AB94DDC5AABA8B939E0CD3E470A2520A0EF2","D:\UOW\SEM3\msc-diss-7csef001w\scenarios\scenario_7\run_2\artefacts\prefetch\SVCHOST.EXE-58520C26.pf","14353"
"SHA256","652CA8C538EA8FB6D69D8C8EAEEDF349D8D1E8B790DC500254CB9CBC281E5D4C","D:\UOW\SEM3\msc-diss-7csef001w\scenarios\scenario_7\run_2\artefacts\prefetch\SVCHOST.EXE-59780EBF.pf","75923"
"SHA256","C26EE391357D1F92EC742592CACD7F99536DBC63DA88A7DA4A51C9D6893732C3","D:\UOW\SEM3\msc-diss-7csef001w\scenarios\scenario_7\run_2\artefacts\prefetch\SVCHOST.EXE-5F87ABED.pf","6821"
"SHA256","1F0C8C2B0CDA93B721D86EDC6D3D0D1BEB8CAA14C932F4E23D41CA2DA107A7FD","D:\UOW\SEM3\msc-diss-7csef001w\scenarios\scenario_7\run_2\artefacts\prefetch\SVCHOST.EXE-62105D0D.pf","9762"
"SHA256","CE4DEDE93377B6A1989D56F76E511BB096B276031BE4DD55DEBD685B50C1DDCE","D:\UOW\SEM3\msc-diss-7csef001w\scenarios\scenario_7\run_2\artefacts\prefetch\SVCHOST.EXE-677C0885.pf","7017"
"SHA256","905172B353E8FEA90A0528AEFD79A32409DA63C260ABB4C6F301A7114A98A768","D:\UOW\SEM3\msc-diss-7csef001w\scenarios\scenario_7\run_2\artefacts\prefetch\SVCHOST.EXE-6867B1E5.pf","8212"
"SHA256","9F51212E7FF0B472D46F686CA21BE9B1B588FACAD35F6DA1E45F6AAE21B12BEA","D:\UOW\SEM3\msc-diss-7csef001w\scenarios\scenario_7\run_2\artefacts\prefetch\SVCHOST.EXE-6A4A44E7.pf","74986"
"SHA256","011673B1C25660787CEFC942F496CA39AAAFD121AE52B902C2E056C340BB5926","D:\UOW\SEM3\msc-diss-7csef001w\scenarios\scenario_7\run_2\artefacts\prefetch\SVCHOST.EXE-73D024B2.pf","5340"
"SHA256","40D4B94F96BD660C7F4A6BED24A43AFFF2B46E6D556A1A350894BBDD813FD2A4","D:\UOW\SEM3\msc-diss-7csef001w\scenarios\scenario_7\run_2\artefacts\prefetch\SVCHOST.EXE-764FA25C.pf","16856"
"SHA256","EED7F601EDAA880D2458099A6596DCB7BF583DB9A86AA2FAB8FD41FF6D6AFA4D","D:\UOW\SEM3\msc-diss-7csef001w\scenarios\scenario_7\run_2\artefacts\prefetch\SVCHOST.EXE-77C41F85.pf","6124"
"SHA256","1ECC6469FA3D9FE56824B9ADCB8E828C029F9E3734CE43FFFA371194ED63D255","D:\UOW\SEM3\msc-diss-7csef001w\scenarios\scenario_7\run_2\artefacts\prefetch\SVCHOST.EXE-7962F060.pf","8188"
"SHA256","1570C25040ED6B0CD0E175045D8137E0C9A5B3A7A8996AEE4AB28ACD56426387","D:\UOW\SEM3\msc-diss-7csef001w\scenarios\scenario_7\run_2\artefacts\prefetch\SVCHOST.EXE-7AAD9645.pf","37360"
"SHA256","B5ECCBF034B544B351B91B1E4EE602D525D808B4C86C8F0C70B473F671DA64BD","D:\UOW\SEM3\msc-diss-7csef001w\scenarios\scenario_7\run_2\artefacts\prefetch\SVCHOST.EXE-84F32335.pf","8003"
"SHA256","0367EA92400CD1904CE1831A68D14B110D05142620266EF8FF86B757BEE3BDE6","D:\UOW\SEM3\msc-diss-7csef001w\scenarios\scenario_7\run_2\artefacts\prefetch\SVCHOST.EXE-852EC587.pf","7384"
"SHA256","5DF8183BC844C791E7A30BBCEBAE95A0972CB517B16682DA6382136A186D1EBA","D:\UOW\SEM3\msc-diss-7csef001w\scenarios\scenario_7\run_2\artefacts\prefetch\SVCHOST.EXE-8CE690C0.pf","11867"
"SHA256","BDB00C551685CA6F8CC376EF0F27DFAE8041DC6F04E07D47D53C4E5DCB8A19F6","D:\UOW\SEM3\msc-diss-7csef001w\scenarios\scenario_7\run_2\artefacts\prefetch\SVCHOST.EXE-952637C2.pf","6638"
"SHA256","5C16465A722394037D79C3E565608F456088BC95D1EC3BC9810A7FA7A5150AD6","D:\UOW\SEM3\msc-diss-7csef001w\scenarios\scenario_7\run_2\artefacts\prefetch\SVCHOST.EXE-9A28EB78.pf","16621"
"SHA256","4DA94C8CA617B06D1FF5D5675D18638840DE816040446934035F0CE4741D0FC1","D:\UOW\SEM3\msc-diss-7csef001w\scenarios\scenario_7\run_2\artefacts\prefetch\SVCHOST.EXE-9EB5DE68.pf","8284"
"SHA256","E6A5D64AE0F30AD01BB6EC0988CA49180DD277CB266566193C41587D64C866D5","D:\UOW\SEM3\msc-diss-7csef001w\scenarios\scenario_7\run_2\artefacts\prefetch\SVCHOST.EXE-A21A7EFE.pf","8998"
"SHA256","933CD57C008A935AFA83983AFEA0EB1DF6EDD273CA8C605F50ADD0E559453955","D:\UOW\SEM3\msc-diss-7csef001w\scenarios\scenario_7\run_2\artefacts\prefetch\SVCHOST.EXE-AA89143F.pf","4988"
"SHA256","9ACCC83A8141230703B59CB82B54B4F8B3568ACBA47D8333495CAD800B4E5292","D:\UOW\SEM3\msc-diss-7csef001w\scenarios\scenario_7\run_2\artefacts\prefetch\SVCHOST.EXE-B18C213B.pf","6335"
"SHA256","640C658CC37B5A1F50F107FB4F3E5E73C9C07326FD507278968B18FE86757C59","D:\UOW\SEM3\msc-diss-7csef001w\scenarios\scenario_7\run_2\artefacts\prefetch\SVCHOST.EXE-BC826E0F.pf","11424"
"SHA256","68EB711347FF936643DA75D73D303373384AC6E5BD9F8BB7AC98B72638CD2BC4","D:\UOW\SEM3\msc-diss-7csef001w\scenarios\scenario_7\run_2\artefacts\prefetch\SVCHOST.EXE-BE3D0421.pf","4427"
"SHA256","F6286180B6AA1333B4FF80384BD368CDFE3EB3797E2720DD6A9AAA18CDFE14C3","D:\UOW\SEM3\msc-diss-7csef001w\scenarios\scenario_7\run_2\artefacts\prefetch\SVCHOST.EXE-C2DA4F6F.pf","15726"
"SHA256","17A7EFABDE6B23FA281FCF9959B3C3F0381330B19A5A2610CE14836A577FEEFC","D:\UOW\SEM3\msc-diss-7csef001w\scenarios\scenario_7\run_2\artefacts\prefetch\SVCHOST.EXE-C38EF8DD.pf","5771"
"SHA256","9F8559CDCA4D642BB49115C7745C7B2A3AFE36FE4EE039B465C7971F7DA41AED","D:\UOW\SEM3\msc-diss-7csef001w\scenarios\scenario_7\run_2\artefacts\prefetch\SVCHOST.EXE-C625B657.pf","11875"
"SHA256","04C026A3FCF180808E0FBA3888DBD6135AAB29DF374F5C7B7961E435B53C038C","D:\UOW\SEM3\msc-diss-7csef001w\scenarios\scenario_7\run_2\artefacts\prefetch\SVCHOST.EXE-C88A2A3B.pf","5893"
"SHA256","AF946B5757BFF1E8DFE434BF9C34EAD9AE34B4FCC56B071B7542436C012A4778","D:\UOW\SEM3\msc-diss-7csef001w\scenarios\scenario_7\run_2\artefacts\prefetch\SVCHOST.EXE-D2385079.pf","5017"
"SHA256","6FCC5597CC419D600B4EFDF1F4D86C803563E4BE529E371594074D712BF6013A","D:\UOW\SEM3\msc-diss-7csef001w\scenarios\scenario_7\run_2\artefacts\prefetch\SVCHOST.EXE-D5481872.pf","18398"
"SHA256","3B666AD14BD408BCFD6462633A2BC4F565BEF1ABCFA86F08790BEB223DA2FCA9","D:\UOW\SEM3\msc-diss-7csef001w\scenarios\scenario_7\run_2\artefacts\prefetch\SVCHOST.EXE-D8C907E1.pf","7219"
"SHA256","7D76C5E67110264E27901901753B45A412B658BDA410BAB76ED8ECE65FA7D8D1","D:\UOW\SEM3\msc-diss-7csef001w\scenarios\scenario_7\run_2\artefacts\prefetch\SVCHOST.EXE-DDF1360E.pf","6127"
"SHA256","BA74A59AEC8FBC04E31718896F6097DECE08395C77308A3351401611FCD57807","D:\UOW\SEM3\msc-diss-7csef001w\scenarios\scenario_7\run_2\artefacts\prefetch\SVCHOST.EXE-DF14C859.pf","6896"
"SHA256","F1B573D27B5CFE9ABAF65D0536FEA8F68E4FF2E5AE4B51A040BDEDC5533D63BD","D:\UOW\SEM3\msc-diss-7csef001w\scenarios\scenario_7\run_2\artefacts\prefetch\SVCHOST.EXE-E5CD0034.pf","12575"
"SHA256","F25C9CA95ED53DAAE1B74C8EFD5093412D57BDFC37E4CB97E9D4FDE5F2E91FA0","D:\UOW\SEM3\msc-diss-7csef001w\scenarios\scenario_7\run_2\artefacts\prefetch\SVCHOST.EXE-EA9BB143.pf","7364"
"SHA256","B89EDF7DA84705CC64F269FA4EAD39BCC3B5F47B0B457402774A75983C8A6CC9","D:\UOW\SEM3\msc-diss-7csef001w\scenarios\scenario_7\run_2\artefacts\prefetch\SVCHOST.EXE-EBBF67E6.pf","17626"
"SHA256","CC8ED7DF1122DBD261507624228E97590315192D494899F77D6244C219F32A19","D:\UOW\SEM3\msc-diss-7csef001w\scenarios\scenario_7\run_2\artefacts\prefetch\SVCHOST.EXE-F952D9A9.pf","18568"
"SHA256","D21460E3E5757B4E13879B81C482561E1A9802E7167FF664A96DC203B98BBE79","D:\UOW\SEM3\msc-diss-7csef001w\scenarios\scenario_7\run_2\artefacts\prefetch\SVCHOST.EXE-FA38241C.pf","8024"
"SHA256","155D553BECA9BF8FFCBB1256758E233943A534C78FD7C48C426C5447A00AD2CA","D:\UOW\SEM3\msc-diss-7csef001w\scenarios\scenario_7\run_2\artefacts\prefetch\SVCHOST.EXE-FB759C0F.pf","4848"
"SHA256","8DB4D9141FC1D7075960D2D9B664B0F522458055A322AA4BAB91714CD2C1F060","D:\UOW\SEM3\msc-diss-7csef001w\scenarios\scenario_7\run_2\artefacts\prefetch\SVCHOST.EXE-FC42C687.pf","7793"
"SHA256","3ADEDD043949507EFF43F3120B77C3EB7C256C9429A3DEB229A7EB344D939423","D:\UOW\SEM3\msc-diss-7csef001w\scenarios\scenario_7\run_2\artefacts\prefetch\SVCHOST.EXE-FC46CD61.pf","16222"
"SHA256","CC4B3540A8B6DCB94B05181BE7B2AA8CB0B0C0351F976E2FA6387234D4C4F877","D:\UOW\SEM3\msc-diss-7csef001w\scenarios\scenario_7\run_2\artefacts\prefetch\SYSTEMINFO.EXE-3EAAF1C2.pf","5281"
"SHA256","CD1E3D4BAE261B281CB19849829E3774DE6D5F36285B333D4FB188E15453F491","D:\UOW\SEM3\msc-diss-7csef001w\scenarios\scenario_7\run_2\artefacts\prefetch\SYSTEMSETTINGS.EXE-AD6D6913.pf","96255"
"SHA256","2E89ED44C5A5287F602F9B80D0F7758E3D92C95A0993CEA14E80BF47B620EF22","D:\UOW\SEM3\msc-diss-7csef001w\scenarios\scenario_7\run_2\artefacts\prefetch\SYSTEMSETTINGSADMINFLOWS.EXE-F74198E7.pf","34421"
"SHA256","65B8E14A79519D942E81157E227E19F7BC411F6A2FD4480826301BAFD7C3738A","D:\UOW\SEM3\msc-diss-7csef001w\scenarios\scenario_7\run_2\artefacts\prefetch\TASKHOSTW.EXE-2E5D4B75.pf","19847"
"SHA256","BF3A3151301E1528948F0E36BC94CC0D47C6B6DEF65D29652E77E12DD9A33BB6","D:\UOW\SEM3\msc-diss-7csef001w\scenarios\scenario_7\run_2\artefacts\prefetch\TASKKILL.EXE-BE180FC8.pf","6288"
"SHA256","D3F91EC1F3659763800180396CC64A73DE64129E5986E63F4762F032E6D15208","D:\UOW\SEM3\msc-diss-7csef001w\scenarios\scenario_7\run_2\artefacts\prefetch\TIWORKER.EXE-C741055F.pf","38113"
"SHA256","6A18111D59E59876130EBE8C58DA6546E71F812F102CC18908F74EBE252E765F","D:\UOW\SEM3\msc-diss-7csef001w\scenarios\scenario_7\run_2\artefacts\prefetch\TIWORKER.EXE-D1C044D3.pf","46353"
"SHA256","54959948E46926A4FF4370E87CE893C5D66B5AAD909FE9508192829D366EFF4A","D:\UOW\SEM3\msc-diss-7csef001w\scenarios\scenario_7\run_2\artefacts\prefetch\TRUSTEDINSTALLER.EXE-766EFF52.pf","5319"
"SHA256","B292B760EBF189251783C9E4A7B10E10B4EE373205B55A0882D3D6A5133FAE6F","D:\UOW\SEM3\msc-diss-7csef001w\scenarios\scenario_7\run_2\artefacts\prefetch\UIEORCHESTRATOR.EXE-C4670673.pf","7125"
"SHA256","E79103E9B8357B2C233045088F44870F2551529A2D8F7A18A131C39E4881724F","D:\UOW\SEM3\msc-diss-7csef001w\scenarios\scenario_7\run_2\artefacts\prefetch\UIEORCHESTRATOR.EXE-C9987E34.pf","43194"
"SHA256","C8224A927BBE932FB54246B0AF1A798B0CE2C61B487DA5B48098EFB57113F423","D:\UOW\SEM3\msc-diss-7csef001w\scenarios\scenario_7\run_2\artefacts\prefetch\UIEORCHESTRATORSTUB.EXE-83FF9FFA.pf","3473"
"SHA256","E546A773B78DDC5DA00A83B47290FDDF81CB2533F08E6322DFAC8EBC87EFC9C5","D:\UOW\SEM3\msc-diss-7csef001w\scenarios\scenario_7\run_2\artefacts\prefetch\UNINSTALL.EXE-73AE4314.pf","10724"
"SHA256","8938D1862CD08C241AA1DCD12CD1D7073D63F7F59DDCACF31305E0A48F476309","D:\UOW\SEM3\msc-diss-7csef001w\scenarios\scenario_7\run_2\artefacts\prefetch\UPDATEPLATFORM.AMD64FRE.EXE-804667A0.pf","18305"
"SHA256","3732BFDE0A1E0003F6DA2CB12F3403F480BE4EFC7208715754BEE67E27DD6BA8","D:\UOW\SEM3\msc-diss-7csef001w\scenarios\scenario_7\run_2\artefacts\prefetch\UPDATEPLATFORM.EXE-CE2B2ACB.pf","18787"
"SHA256","2F1E8756A0B9C333B8A0F0199AA99020ACD064DFBF15D7E2B0CCC85D2A06D1AB","D:\UOW\SEM3\msc-diss-7csef001w\scenarios\scenario_7\run_2\artefacts\prefetch\UPDATER.EXE-A67BCD0A.pf","46302"
"SHA256","9683CDE3C7D2277920FDE619A41C0E052C97E12267A7C62FCDA60DB3A3B55138","D:\UOW\SEM3\msc-diss-7csef001w\scenarios\scenario_7\run_2\artefacts\prefetch\UPDATER.EXE-B5E7C409.pf","24098"
"SHA256","AEE02D77AF98ECCEF649ACCD92252A2C635B7CB01AA505CC4D892DB8D3D8B563","D:\UOW\SEM3\msc-diss-7csef001w\scenarios\scenario_7\run_2\artefacts\prefetch\UPFC.EXE-89D4FAEB.pf","4880"
"SHA256","B0B0E7914BB87145E4DF02F5AC50E75A1E59376FBAC2AC96EAC008FBBE7496AD","D:\UOW\SEM3\msc-diss-7csef001w\scenarios\scenario_7\run_2\artefacts\prefetch\USEROOBEBROKER.EXE-65584ADF.pf","7467"
"SHA256","18F960791C486F1B35CC16F2BD28BA7C7C102B3F7DD0C2632D9C0F2E2DDD6838","D:\UOW\SEM3\msc-diss-7csef001w\scenarios\scenario_7\run_2\artefacts\prefetch\USOCLIENT.EXE-4ADC110B.pf","12429"
"SHA256","84569C44E78B0865CA8647135B283D0637D65E36E317065BCE77E1A212265DCC","D:\UOW\SEM3\msc-diss-7csef001w\scenarios\scenario_7\run_2\artefacts\prefetch\VCREDIST_X64.EXE-2FCEC7CA.pf","7789"
"SHA256","7BDD589A4BEA2991DFDAF51B8EB9A7F49CAB6DE394D36C7AFFCF42C05AADE194","D:\UOW\SEM3\msc-diss-7csef001w\scenarios\scenario_7\run_2\artefacts\prefetch\VCREDIST_X64.EXE-EB72154A.pf","25629"
"SHA256","2C26D3728088A6DC5928ABA6485308A7FA2EDF1E40C08D2F5E05C9DAF6233CB0","D:\UOW\SEM3\msc-diss-7csef001w\scenarios\scenario_7\run_2\artefacts\prefetch\VCREDIST_X86.EXE-215F1F4E.pf","9883"
"SHA256","75C77B44F527104EDB665C59F98575AD0D74068F173139EE4F34C3778D9F38D2","D:\UOW\SEM3\msc-diss-7csef001w\scenarios\scenario_7\run_2\artefacts\prefetch\VCREDIST_X86.EXE-7375DF65.pf","27952"
"SHA256","80497EC04B411B253AB87F3C3CD4B832BD3052467C82EBFD86F3D8EC2BF830AD","D:\UOW\SEM3\msc-diss-7csef001w\scenarios\scenario_7\run_2\artefacts\prefetch\VC_REDIST.X64.EXE-6FE859E3.pf","13204"
"SHA256","AF45B19CF0D1BFC000B67C069826B58FF3E91F18B63A82804CF6891EBC3AFE8D","D:\UOW\SEM3\msc-diss-7csef001w\scenarios\scenario_7\run_2\artefacts\prefetch\VC_REDIST.X86.EXE-FDDBA21E.pf","14396"
"SHA256","99B79F809F0400BA49C116284B29C5F273567D4B7895373CF52F8D985BE7C797","D:\UOW\SEM3\msc-diss-7csef001w\scenarios\scenario_7\run_2\artefacts\prefetch\VDS.EXE-2FCA9D16.pf","6266"
"SHA256","2AA5E63AE18DECD392BEBCA255C4647408BB0C8CD7013058060AAFEE37451267","D:\UOW\SEM3\msc-diss-7csef001w\scenarios\scenario_7\run_2\artefacts\prefetch\VDSLDR.EXE-50179B50.pf","3990"
"SHA256","E4CB226A4DD1AA27E2BA3DCEB78BE27546E6C78823E7ED7469B4522A680833D6","D:\UOW\SEM3\msc-diss-7csef001w\scenarios\scenario_7\run_2\artefacts\prefetch\VERCLSID.EXE-AB0FD091.pf","4658"
"SHA256","658029D4CC6B0640CDDC220093A636C0592AA1FF857D109D6DD2C30B0D1A0289","D:\UOW\SEM3\msc-diss-7csef001w\scenarios\scenario_7\run_2\artefacts\prefetch\VGAUTHSERVICE.EXE-779D9D39.pf","13986"
"SHA256","0F7F9403603880B3CF7F137C8826339B7F88F074A17AD4F0C468875C02C061F3","D:\UOW\SEM3\msc-diss-7csef001w\scenarios\scenario_7\run_2\artefacts\prefetch\VLC-3.0.23-WIN32.EXE-BF857A3D.pf","31836"
"SHA256","C07C8D9D94FE2280ED1E73757E86EF80FA6319900F5BA5F6027E1881EB084A2C","D:\UOW\SEM3\msc-diss-7csef001w\scenarios\scenario_7\run_2\artefacts\prefetch\VLC-CACHE-GEN.EXE-5C78127E.pf","45015"
"SHA256","289305FB286346D795E901723D410CA7EBBDA646DB235E39C4127CD75B10FFAD","D:\UOW\SEM3\msc-diss-7csef001w\scenarios\scenario_7\run_2\artefacts\prefetch\VMTOOLSD.EXE-90328040.pf","40115"
"SHA256","500B7DAB1802AD7B7053C501F25711CD08AB67D3557FA7F63345803428597E82","D:\UOW\SEM3\msc-diss-7csef001w\scenarios\scenario_7\run_2\artefacts\prefetch\VMWARERESOLUTIONSET.EXE-38A925F2.pf","11917"
"SHA256","FD1D5FE7BBE323630644E56F366DE087E63EE171324F2CF516315EB11F447F63","D:\UOW\SEM3\msc-diss-7csef001w\scenarios\scenario_7\run_2\artefacts\prefetch\VMWARETOOLBOXCMD.EXE-FB464DC1.pf","7273"
"SHA256","C3EAA160F872246B07F70E5EC3A85C21E3B348E2F07033AE3C0B73DD047B023E","D:\UOW\SEM3\msc-diss-7csef001w\scenarios\scenario_7\run_2\artefacts\prefetch\VSSVC.EXE-6C8F0C66.pf","7769"
"SHA256","EA7BC06359C875D3653DCF91FE7265E103EE6CF2F7D3E0C6480C985A7F1D1615","D:\UOW\SEM3\msc-diss-7csef001w\scenarios\scenario_7\run_2\artefacts\prefetch\WAASMEDICAGENT.EXE-21F161ED.pf","15547"
"SHA256","04DFC46A75C8A14A056032F0734419578765F09489B2F9D2746EA3978E942BDE","D:\UOW\SEM3\msc-diss-7csef001w\scenarios\scenario_7\run_2\artefacts\prefetch\WERFAULT.EXE-8EE1E6D7.pf","5211"
"SHA256","B02E6673B8EF691227D71D9857A4EE83316B21FF93825DFCB326B4A29ACC7971","D:\UOW\SEM3\msc-diss-7csef001w\scenarios\scenario_7\run_2\artefacts\prefetch\WERMGR.EXE-BE3A79B5.pf","18802"
"SHA256","D823F6542E15DDAC791F4BB428AC82FF3BB391A4827051C0C7D28291555704DA","D:\UOW\SEM3\msc-diss-7csef001w\scenarios\scenario_7\run_2\artefacts\prefetch\WERMGR.EXE-F439C551.pf","14216"
"SHA256","18B872020A077EBB07C857248CDDEB7231EFCD3BE7B1ABC12FE1F41F10892E7C","D:\UOW\SEM3\msc-diss-7csef001w\scenarios\scenario_7\run_2\artefacts\prefetch\WEVTUTIL.EXE-1E154F39.pf","6177"
"SHA256","1C780A208637CE3A0DCFCD343AA809C397A5B0F5DF895D10B77F2F0A172D1CEE","D:\UOW\SEM3\msc-diss-7csef001w\scenarios\scenario_7\run_2\artefacts\prefetch\WHOAMI.EXE-9D378AFE.pf","3138"
"SHA256","988CAB6929BB3595873443259E0AAA616920BC468E755601F5BBE732118373BA","D:\UOW\SEM3\msc-diss-7csef001w\scenarios\scenario_7\run_2\artefacts\prefetch\WIDGETS.EXE-93188904.pf","45873"
"SHA256","10060F0B3048229AAC48B3C8DE5AA75C08CB955934BD126D81F2FC2AA24AB131","D:\UOW\SEM3\msc-diss-7csef001w\scenarios\scenario_7\run_2\artefacts\prefetch\WIDGETS.EXE-AF9DC2D4.pf","38531"
"SHA256","20876E2697AEB554575390A85588F4C35F87BEE8CD445263EA07D156DD4966B9","D:\UOW\SEM3\msc-diss-7csef001w\scenarios\scenario_7\run_2\artefacts\prefetch\WIDGETS.EXE-E998E6EC.pf","39896"
"SHA256","6D18931CA437582A993849E8047C61B34C147CD454849CE2CA6FD7C34BF65371","D:\UOW\SEM3\msc-diss-7csef001w\scenarios\scenario_7\run_2\artefacts\prefetch\WIDGETSERVICE.EXE-03CC7297.pf","17408"
"SHA256","C4812DF168BC337BF066D99AA424D0EA66FDC458C2A96142F34BC6BA325C1F8E","D:\UOW\SEM3\msc-diss-7csef001w\scenarios\scenario_7\run_2\artefacts\prefetch\WIDGETSERVICE.EXE-C21EFD8F.pf","15997"
"SHA256","449F54102FB019118BAAE22937C4127CEF4550447CB65AAB83F7B07AEAD814C6","D:\UOW\SEM3\msc-diss-7csef001w\scenarios\scenario_7\run_2\artefacts\prefetch\WINDOWS-KB890830-X64-V5.142.E-92039E5E.pf","41035"
"SHA256","187762117D8A40AC58340A0CF554A5102AECA3DF50EA7BF66D2A48BDA71D6EDD","D:\UOW\SEM3\msc-diss-7csef001w\scenarios\scenario_7\run_2\artefacts\prefetch\WINDOWSPACKAGEMANAGERSERVER.E-AFF4EFA9.pf","37891"
"SHA256","FC99C384E53C178EB1A08FFAC3A2C5A47837523632AC6D20DF04930325A4A597","D:\UOW\SEM3\msc-diss-7csef001w\scenarios\scenario_7\run_2\artefacts\prefetch\WINDOWSTERMINAL.EXE-0DDF887E.pf","29244"
"SHA256","003BA866F54AD918EDAFBCF3A02809EC7564B722751560F5BE55189DF2FCB4F9","D:\UOW\SEM3\msc-diss-7csef001w\scenarios\scenario_7\run_2\artefacts\prefetch\WINDOWSTERMINAL.EXE-3DD18850.pf","28511"
"SHA256","03D9C71138465A050AAA01DD6902E78B12B8EE71D19452547B6F9251A6E871AA","D:\UOW\SEM3\msc-diss-7csef001w\scenarios\scenario_7\run_2\artefacts\prefetch\WINLOGON.EXE-DEDDC9B6.pf","6299"
"SHA256","3BD9AD7D42EAD1018360D9F17C8FD0118003DF62D27360D38E6414330EA13CB7","D:\UOW\SEM3\msc-diss-7csef001w\scenarios\scenario_7\run_2\artefacts\prefetch\WINRAR-X64-723.EXE-FDDE966E.pf","32987"
"SHA256","428AE938CF1A845D90A5AC75944D6D8D0287D3D1EF0FDBE3D6008BB488A95DFF","D:\UOW\SEM3\msc-diss-7csef001w\scenarios\scenario_7\run_2\artefacts\prefetch\WINSAT.EXE-C345C80B.pf","21960"
"SHA256","4A9E469882D8B580053FA57D7EB2EE15948EF98197CB61A46EA1721A9E7EC661","D:\UOW\SEM3\msc-diss-7csef001w\scenarios\scenario_7\run_2\artefacts\prefetch\WINSTORE.APP.EXE-D3CC3D1B.pf","61718"
"SHA256","5441EB0B983099E9F208E963974084537E511BEDCA59C571E05779042BDC6180","D:\UOW\SEM3\msc-diss-7csef001w\scenarios\scenario_7\run_2\artefacts\prefetch\WLRMDR.EXE-A7C36FDD.pf","5282"
"SHA256","BF34C6CF7C6D2C3E5B8B2A5B2F0AFDCA31DAACB1D416E2BE4128E37C446119DE","D:\UOW\SEM3\msc-diss-7csef001w\scenarios\scenario_7\run_2\artefacts\prefetch\WMIADAP.EXE-BB21CD77.pf","7638"
"SHA256","CA9FF6C4241019C212F00C2BC9021D57396D89AAE0EA659CBC38DA8EC115C38B","D:\UOW\SEM3\msc-diss-7csef001w\scenarios\scenario_7\run_2\artefacts\prefetch\WMIAPSRV.EXE-FC8436DD.pf","8288"
"SHA256","A904408F1715A0543255E178ABE34F8D8C00F45491D878805795B0AE14424AC2","D:\UOW\SEM3\msc-diss-7csef001w\scenarios\scenario_7\run_2\artefacts\prefetch\WMIPRVSE.EXE-E8B8DD29.pf","12733"
"SHA256","FE2BBA7A0533ED8A367CB68FF60B88BE3FE639CB1177CC38432D14BDDCE28A47","D:\UOW\SEM3\msc-diss-7csef001w\scenarios\scenario_7\run_2\artefacts\prefetch\WSCRIPT.EXE-3FF4D889.pf","11324"
"SHA256","33D79A25CEFE5A17E406C482FE6EA59501FAD05FC4D4B04C91C927A55EE96641","D:\UOW\SEM3\msc-diss-7csef001w\scenarios\scenario_7\run_2\artefacts\prefetch\WUAUCLTCORE.EXE-07BDE0CF.pf","60165"
"SHA256","94926AE1A63B616C3C521DD8E44BCD654BE6199C668D5B6AEE42A120E457F352","D:\UOW\SEM3\msc-diss-7csef001w\scenarios\scenario_7\run_2\artefacts\prefetch\WUAUCLTCORE.EXE-84257BB2.pf","46844"
"SHA256","DAD6F77EBC59ED149E3E838221CCDE7A3867B20D986FCBC999FB3D70D532596D","D:\UOW\SEM3\msc-diss-7csef001w\scenarios\scenario_7\run_2\artefacts\prefetch\WWAHOST.EXE-55C529F0.pf","75577"
"SHA256","D052D81A1F2F91B91B384E83BD24384B07778ED5D139B401DD27CAB57159E330","D:\UOW\SEM3\msc-diss-7csef001w\scenarios\scenario_7\run_2\artefacts\prefetch\ZOOM.EXE-953DDC7B.pf","63866"
"SHA256","049619D7BF26680EB6FA02D00086BDB71352E975BE023458805057273E6F7936","D:\UOW\SEM3\msc-diss-7csef001w\scenarios\scenario_7\run_2\artefacts\prefetch\ZOOMINSTALLERFULL.EXE-3C7F6855.pf","45647"
"SHA256","76CC0ACD2DE2146F7C30B731A0A7900ADDDCD505C5E696B46904E5E35F10F8E3","D:\UOW\SEM3\msc-diss-7csef001w\scenarios\scenario_7\run_2\artefacts\event_logs\Application.evtx","2166784"
"SHA256","13E10FE5900464CB582FC2A22CF84E862B3211338A76A60AD0823381FAADA765","D:\UOW\SEM3\msc-diss-7csef001w\scenarios\scenario_7\run_2\artefacts\event_logs\Microsoft-Windows-DriverFrameworks-UserMode%4Operational.evtx","69632"
"SHA256","A6BA6253978ADEEF65A9D31F45FB43AFB4779A7088815913E62219E400952C0A","D:\UOW\SEM3\msc-diss-7csef001w\scenarios\scenario_7\run_2\artefacts\event_logs\Microsoft-Windows-Partition%4Diagnostic.evtx","69632"
"SHA256","555B91B254C28FB5CF3089D0330A57801BC94248960C6D2830289E6764E3F7F3","D:\UOW\SEM3\msc-diss-7csef001w\scenarios\scenario_7\run_2\artefacts\event_logs\Security.evtx","28381184"
"SHA256","84D177D74466F7161819E4B1121762F9DE85C2A8A8B6A0CF2EB0FBD3557F09C8","D:\UOW\SEM3\msc-diss-7csef001w\scenarios\scenario_7\run_2\artefacts\event_logs\System.evtx","2166784"
"SHA256","186F68BBA31E86A00B58665E8500589DD20FA37AB06605CEC1C4B7FE2F2C274A","D:\UOW\SEM3\msc-diss-7csef001w\scenarios\scenario_7\run_2\artefacts\shellbags\NTUSER.DAT",
"SHA256","E3B0C44298FC1C149AFBF4C8996FB92427AE41E4649B934CA495991B7852B855","D:\UOW\SEM3\msc-diss-7csef001w\scenarios\scenario_7\run_2\artefacts\shellbags\ntuser.dat.LOG1",
"SHA256","E3B0C44298FC1C149AFBF4C8996FB92427AE41E4649B934CA495991B7852B855","D:\UOW\SEM3\msc-diss-7csef001w\scenarios\scenario_7\run_2\artefacts\shellbags\ntuser.dat.LOG2",
"SHA256","5C206B1A970CC238EB5F65BE0CA4FA0DA2C83285C1F6DAFB856E319EDFD1E808","D:\UOW\SEM3\msc-diss-7csef001w\scenarios\scenario_7\run_2\artefacts\shellbags\UsrClass.dat",
"SHA256","E3B0C44298FC1C149AFBF4C8996FB92427AE41E4649B934CA495991B7852B855","D:\UOW\SEM3\msc-diss-7csef001w\scenarios\scenario_7\run_2\artefacts\shellbags\UsrClass.dat.LOG1",
"SHA256","DBF0705DED541FB424D89F7C3F76C904C33237001E593DCC74BB407DE36B55A8","D:\UOW\SEM3\msc-diss-7csef001w\scenarios\scenario_7\run_2\artefacts\shellbags\UsrClass.dat.LOG2",
"SHA256","C4FCDCF3CCC44E3AB5FFECFA6D1341591990CEB61AB1C1C5B7628A20B7F45085","D:\UOW\SEM3\msc-diss-7csef001w\scenarios\scenario_7\run_2\artefacts\supporting\Amcache.hve","2883584"
"SHA256","6900A061F4B22B2909D84E21512376FD8A2608D73FDA7BA64423CE3230AF8420","D:\UOW\SEM3\msc-diss-7csef001w\scenarios\scenario_7\run_2\artefacts\supporting\SOFTWARE","82051072"
"SHA256","8B22421DB57CFCB322E924D51FB06161C2AFEA1E69A4F40745B2121C1851992E","D:\UOW\SEM3\msc-diss-7csef001w\scenarios\scenario_7\run_2\artefacts\supporting\SYSTEM","13631488"
